{"meta":{"code":200,"requestId":"5876a840351e3d34070d7f87"},"response":{"hours":{"timeframes":[{"days":[2,3,4,5,6],"includesToday":true,"open":[{"start":"1700","end":"2200"}],"segments":[]}]},"popular":{"timeframes":[{"days":[3],"includesToday":true,"open":[{"start":"1700","end":"2200"}],"segments":[]},{"days":[4],"open":[{"start":"1700","end":"2200"}],"segments":[]},{"days":[5],"open":[{"start":"1700","end":"2300"}],"segments":[]},{"days":[6],"open":[{"start":"1700","end":"2200"}],"segments":[]},{"days":[7],"open":[],"segments":[]},{"days":[1],"open":[],"segments":[]},{"days":[2],"open":[{"start":"1700","end":"2100"}],"segments":[]}]}}}