{"meta":{"code":200,"requestId":"5876a449dd57977ca4f0dc5f"},"response":{"hours":{"timeframes":[{"days":[1,2,3,4,5],"includesToday":true,"open":[{"start":"1000","end":"+0200"}],"segments":[]},{"days":[6,7],"open":[{"start":"0900","end":"+0200"}],"segments":[]}]},"popular":{"timeframes":[{"days":[3],"includesToday":true,"open":[{"start":"1800","end":"+0000"}],"segments":[]},{"days":[4],"open":[{"start":"1800","end":"+0000"}],"segments":[]},{"days":[5],"open":[{"start":"1600","end":"+0100"}],"segments":[]},{"days":[6],"open":[{"start":"1000","end":"1300"},{"start":"1700","end":"+0100"}],"segments":[]},{"days":[7],"open":[{"start":"1000","end":"+0100"}],"segments":[]},{"days":[1],"open":[{"start":"1700","end":"2300"}],"segments":[]},{"days":[2],"open":[{"start":"1800","end":"+0100"}],"segments":[]}]}}}