{"meta":{"code":200,"requestId":"5876a465351e3d34040b21f1"},"response":{"hours":{"timeframes":[{"days":[1,2,3,4,7],"includesToday":true,"open":[{"start":"0700","end":"2200"}],"segments":[]},{"days":[5,6],"open":[{"start":"0700","end":"2300"}],"segments":[]}]},"popular":{"timeframes":[{"days":[3],"includesToday":true,"open":[{"start":"1100","end":"1500"},{"start":"1800","end":"2100"}],"segments":[]},{"days":[4],"open":[{"start":"1200","end":"1500"},{"start":"1800","end":"2000"}],"segments":[]},{"days":[5],"open":[{"start":"1000","end":"1500"},{"start":"1700","end":"2300"}],"segments":[]},{"days":[6],"open":[{"start":"0900","end":"2100"}],"segments":[]},{"days":[7],"open":[{"start":"1000","end":"2000"}],"segments":[]},{"days":[1],"open":[{"start":"1100","end":"1500"},{"start":"1800","end":"2000"}],"segments":[]},{"days":[2],"open":[{"start":"0300","end":"+0400"}],"segments":[]}]}}}