{"meta":{"code":200,"requestId":"5876a1504434b938e30af244"},"response":{"hours":{"timeframes":[{"days":[1,2,3,4],"includesToday":true,"open":[{"start":"1100","end":"2200"}],"segments":[]},{"days":[5,6],"open":[{"start":"1100","end":"+0000"}],"segments":[]},{"days":[7],"open":[{"start":"1200","end":"2300"}],"segments":[]}]},"popular":{"timeframes":[{"days":[3],"includesToday":true,"open":[{"start":"1100","end":"1200"},{"start":"1500","end":"2200"}],"segments":[]},{"days":[4],"open":[{"start":"1100","end":"2200"}],"segments":[]},{"days":[5],"open":[{"start":"1200","end":"2200"}],"segments":[]},{"days":[6],"open":[{"start":"1200","end":"2300"}],"segments":[]},{"days":[7],"open":[{"start":"1500","end":"2000"}],"segments":[]},{"days":[1],"open":[{"start":"1600","end":"2100"}],"segments":[]},{"days":[2],"open":[{"start":"0900","end":"1000"},{"start":"1200","end":"2000"}],"segments":[]}]}}}