{"meta":{"code":200,"requestId":"5876a4516a60717aeb0a61b5"},"response":{"hours":{"timeframes":[{"days":[1,2,3,4],"includesToday":true,"open":[{"start":"1000","end":"+0200"}],"segments":[]},{"days":[6,7],"open":[{"start":"0800","end":"+0200"}],"segments":[]}]},"popular":{"timeframes":[{"days":[3],"includesToday":true,"open":[{"start":"1800","end":"2100"}],"segments":[]},{"days":[4],"open":[{"start":"1800","end":"+0100"}],"segments":[]},{"days":[5],"open":[{"start":"1900","end":"+0300"}],"segments":[]},{"days":[6],"open":[{"start":"0900","end":"1500"},{"start":"1900","end":"+0300"}],"segments":[]},{"days":[7],"open":[{"start":"0900","end":"1500"}],"segments":[]},{"days":[1],"open":[{"start":"1800","end":"2100"}],"segments":[]},{"days":[2],"open":[{"start":"1800","end":"+0100"}],"segments":[]}]}}}