{"meta":{"code":200,"requestId":"5876a2dfdd57977ca51afb0f"},"response":{"hours":{},"popular":{"timeframes":[{"days":[3],"includesToday":true,"open":[{"start":"1800","end":"2300"}],"segments":[]},{"days":[4],"open":[{"start":"1800","end":"+0100"}],"segments":[]},{"days":[5],"open":[{"start":"1800","end":"+0200"}],"segments":[]},{"days":[6],"open":[{"start":"1500","end":"+0200"}],"segments":[]},{"days":[7],"open":[{"start":"1100","end":"1200"},{"start":"1500","end":"2200"}],"segments":[]},{"days":[1],"open":[{"start":"1800","end":"2100"}],"segments":[]},{"days":[2],"open":[{"start":"1800","end":"+0000"}],"segments":[]}]}}}