{"meta":{"code":200,"requestId":"5876a61b6a60717ae9ea8f68"},"response":{"hours":{"timeframes":[{"days":[1,2,3,4,5,6],"includesToday":true,"open":[{"start":"1100","end":"+0200"}],"segments":[]},{"days":[7],"open":[{"start":"1100","end":"+0100"}],"segments":[]}]},"popular":{"timeframes":[{"days":[3],"includesToday":true,"open":[{"start":"1700","end":"2200"}],"segments":[]},{"days":[4],"open":[{"start":"1200","end":"2300"}],"segments":[]},{"days":[5,6],"open":[{"start":"1200","end":"+0000"}],"segments":[]},{"days":[7],"open":[{"start":"1100","end":"2100"}],"segments":[]},{"days":[1,2],"open":[{"start":"1700","end":"2100"}],"segments":[]}]}}}