{"meta":{"code":200,"requestId":"5876a609351e3d34027b4550"},"response":{"hours":{},"popular":{"timeframes":[{"days":[3],"includesToday":true,"open":[{"start":"1800","end":"2300"}],"segments":[]},{"days":[4,5],"open":[{"start":"1800","end":"2300"}],"segments":[]},{"days":[6],"open":[{"start":"1200","end":"1300"},{"start":"1600","end":"+0000"}],"segments":[]},{"days":[7],"open":[{"start":"1000","end":"1500"},{"start":"1700","end":"2300"}],"segments":[]},{"days":[1],"open":[],"segments":[]},{"days":[2],"open":[{"start":"1800","end":"+0000"}],"segments":[]}]}}}