{"meta":{"code":200,"requestId":"5876a5479fb6b71b46af06b1"},"response":{"hours":{"timeframes":[{"days":[1,2,3,4,5,6],"includesToday":true,"open":[{"start":"0630","end":"+0000"}],"segments":[]},{"days":[7],"open":[{"start":"0700","end":"+0000"}],"segments":[]}]},"popular":{"timeframes":[{"days":[3],"includesToday":true,"open":[{"start":"0900","end":"1300"},{"start":"1500","end":"2200"}],"segments":[]},{"days":[4],"open":[{"start":"0900","end":"1500"},{"start":"1700","end":"2200"}],"segments":[]},{"days":[5],"open":[{"start":"0800","end":"1500"},{"start":"1700","end":"1800"},{"start":"2000","end":"2200"}],"segments":[]},{"days":[6],"open":[{"start":"0800","end":"2300"}],"segments":[]},{"days":[7],"open":[{"start":"0900","end":"2200"}],"segments":[]},{"days":[1],"open":[{"start":"1000","end":"2200"}],"segments":[]},{"days":[2],"open":[{"start":"0900","end":"1100"},{"start":"1300","end":"2200"}],"segments":[]}]}}}