{"meta":{"code":200,"requestId":"5876a3859fb6b71b46a30dd4"},"response":{"hours":{"timeframes":[{"days":[1,2],"open":[{"start":"0630","end":"1600"}],"segments":[]},{"days":[3,4,5],"includesToday":true,"open":[{"start":"0630","end":"2000"}],"segments":[]},{"days":[6,7],"open":[{"start":"0730","end":"1600"}],"segments":[]}]},"popular":{"timeframes":[{"days":[3],"includesToday":true,"open":[{"start":"0900","end":"1400"}],"segments":[]},{"days":[4],"open":[{"start":"0900","end":"1500"}],"segments":[]},{"days":[5],"open":[{"start":"0900","end":"1400"}],"segments":[]},{"days":[6,7],"open":[{"start":"0800","end":"1500"}],"segments":[]},{"days":[1],"open":[{"start":"0800","end":"1500"}],"segments":[]},{"days":[2],"open":[{"start":"0900","end":"1400"}],"segments":[]}]}}}