{"meta":{"code":200,"requestId":"5876a6251ed21954aab90d92"},"response":{"hours":{"timeframes":[{"days":[1,2,3],"includesToday":true,"open":[{"start":"0700","end":"+0000"}],"segments":[{"start":"0700","end":"1030","label":"Breakfast"},{"start":"1500","end":"2000","label":"Happy hour"}]},{"days":[4],"open":[{"start":"0700","end":"+0130"}],"segments":[{"start":"0700","end":"1030","label":"Breakfast"},{"start":"1500","end":"2000","label":"Happy hour"}]},{"days":[5],"open":[{"start":"0700","end":"+0230"}],"segments":[{"start":"0700","end":"1030","label":"Breakfast"},{"start":"1500","end":"2000","label":"Happy hour"}]},{"days":[6],"open":[{"start":"0900","end":"+0230"}],"segments":[{"start":"0900","end":"1300","label":"Breakfast"},{"start":"1500","end":"2000","label":"Happy hour"}]},{"days":[7],"open":[{"start":"0900","end":"+0000"}],"segments":[{"start":"0900","end":"1300","label":"Breakfast"},{"start":"1500","end":"2000","label":"Happy hour"}]}]},"popular":{"timeframes":[{"days":[3],"includesToday":true,"open":[{"start":"1100","end":"1500"},{"start":"1800","end":"2100"}],"segments":[]},{"days":[4],"open":[{"start":"1100","end":"1500"},{"start":"1700","end":"2300"}],"segments":[]},{"days":[5],"open":[{"start":"0800","end":"0900"},{"start":"1100","end":"+0200"}],"segments":[]},{"days":[6],"open":[{"start":"1200","end":"+0200"}],"segments":[]},{"days":[7],"open":[{"start":"1200","end":"2000"}],"segments":[]},{"days":[1],"open":[{"start":"1100","end":"1500"},{"start":"1700","end":"2100"}],"segments":[]},{"days":[2],"open":[{"start":"1100","end":"1400"},{"start":"1700","end":"2100"}],"segments":[]}]}}}