{"meta":{"code":200,"requestId":"5876a2de9fb6b71b202f2673"},"response":{"hours":{},"popular":{"timeframes":[{"days":[3],"includesToday":true,"open":[{"start":"1800","end":"2200"}],"segments":[]},{"days":[4],"open":[{"start":"1700","end":"+0100"}],"segments":[]},{"days":[5],"open":[{"start":"1600","end":"+0100"}],"segments":[]},{"days":[6],"open":[{"start":"1400","end":"1500"},{"start":"1700","end":"+0200"}],"segments":[]},{"days":[7],"open":[{"start":"1100","end":"2200"}],"segments":[]},{"days":[1],"open":[{"start":"1700","end":"2200"}],"segments":[]},{"days":[2],"open":[{"start":"1700","end":"2300"}],"segments":[]}]}}}