{"meta":{"code":200,"requestId":"5876aa651ed21954a9e5ac19"},"response":{"hours":{"timeframes":[{"days":[1,2,3],"includesToday":true,"open":[{"start":"0600","end":"+0300"}],"segments":[]},{"days":[4],"open":[{"start":"0600","end":"+0400"}],"segments":[]},{"days":[5,6],"open":[{"start":"0400","end":"+0400"}],"segments":[]},{"days":[7],"open":[{"start":"0400","end":"+0300"}],"segments":[]}]},"popular":{"timeframes":[{"days":[3],"includesToday":true,"open":[{"start":"1100","end":"1500"},{"start":"1700","end":"2100"},{"start":"2300","end":"+0000"}],"segments":[]},{"days":[4],"open":[{"start":"1200","end":"2200"}],"segments":[]},{"days":[5],"open":[{"start":"0000","end":"+0200"}],"segments":[]},{"days":[6],"open":[{"start":"1100","end":"+0200"}],"segments":[]},{"days":[7],"open":[{"start":"1200","end":"1500"},{"start":"1700","end":"2200"}],"segments":[]},{"days":[1],"open":[{"start":"1100","end":"1600"},{"start":"1800","end":"2300"}],"segments":[]},{"days":[2],"open":[{"start":"1400","end":"+0000"}],"segments":[]}]}}}