{"meta":{"code":200,"requestId":"5876a27a4c1f6740ce6bae40"},"response":{"hours":{},"popular":{"timeframes":[{"days":[3],"includesToday":true,"open":[{"start":"1100","end":"1400"},{"start":"1700","end":"2200"}],"segments":[]},{"days":[4,5,6],"open":[{"start":"1100","end":"2100"}],"segments":[]},{"days":[7],"open":[{"start":"1100","end":"2000"}],"segments":[]},{"days":[1],"open":[{"start":"1100","end":"2200"}],"segments":[]},{"days":[2],"open":[{"start":"1000","end":"1500"},{"start":"1800","end":"2100"}],"segments":[]}]}}}