{"meta":{"code":200,"requestId":"5876a17ddd57977ca33782ea"},"response":{"hours":{},"popular":{"timeframes":[{"days":[3],"includesToday":true,"open":[{"start":"1100","end":"2100"}],"segments":[]},{"days":[4],"open":[{"start":"1200","end":"1600"},{"start":"1900","end":"2000"},{"start":"2200","end":"2300"}],"segments":[]},{"days":[5],"open":[{"start":"0700","end":"0900"},{"start":"1200","end":"1600"},{"start":"1800","end":"2300"}],"segments":[]},{"days":[6],"open":[{"start":"1100","end":"2100"}],"segments":[]},{"days":[7],"open":[{"start":"1200","end":"2300"}],"segments":[]},{"days":[1],"open":[{"start":"1100","end":"2200"}],"segments":[]},{"days":[2],"open":[{"start":"1100","end":"1900"},{"start":"2100","end":"2200"}],"segments":[]}]}}}