{"meta":{"code":200,"requestId":"58769ff76a60717aeaddfacc"},"response":{"hours":{},"popular":{"timeframes":[{"days":[3],"includesToday":true,"open":[{"start":"1000","end":"1400"},{"start":"1800","end":"2000"}],"segments":[]},{"days":[4],"open":[{"start":"0600","end":"2000"}],"segments":[]},{"days":[5],"open":[{"start":"0700","end":"1900"}],"segments":[]},{"days":[6],"open":[{"start":"0800","end":"1700"},{"start":"1900","end":"2100"}],"segments":[]},{"days":[7],"open":[{"start":"0800","end":"1500"},{"start":"1800","end":"1900"}],"segments":[]},{"days":[1],"open":[{"start":"0600","end":"0900"},{"start":"1100","end":"1600"}],"segments":[]},{"days":[2],"open":[{"start":"0700","end":"1400"}],"segments":[]}]}}}