{"meta":{"code":200,"requestId":"5876a19f4c1f6740ccea3055"},"response":{"hours":{"timeframes":[{"days":[1,2,3,4,5,6],"includesToday":true,"open":[{"start":"1000","end":"2300"}],"segments":[]},{"days":[7],"open":[{"start":"1000","end":"2200"}],"segments":[]}]},"popular":{"timeframes":[{"days":[3],"includesToday":true,"open":[{"start":"1100","end":"2100"}],"segments":[]},{"days":[4],"open":[{"start":"1100","end":"2200"}],"segments":[]},{"days":[5],"open":[{"start":"1100","end":"2300"}],"segments":[]},{"days":[6],"open":[{"start":"1000","end":"2200"}],"segments":[]},{"days":[7],"open":[{"start":"1100","end":"1700"},{"start":"2000","end":"2100"}],"segments":[]},{"days":[1],"open":[{"start":"1100","end":"1600"},{"start":"1900","end":"2000"}],"segments":[]},{"days":[2],"open":[{"start":"1100","end":"1600"},{"start":"1800","end":"2300"}],"segments":[]}]}}}