{"meta":{"code":200,"requestId":"5876a17e4c1f6740e806ef34"},"response":{"hours":{},"popular":{"timeframes":[{"days":[3],"includesToday":true,"open":[{"start":"1100","end":"1600"}],"segments":[]},{"days":[4],"open":[{"start":"1100","end":"1600"}],"segments":[]},{"days":[5],"open":[{"start":"1100","end":"1800"}],"segments":[]},{"days":[6],"open":[{"start":"1100","end":"1500"}],"segments":[]},{"days":[7],"open":[],"segments":[]},{"days":[1,2],"open":[{"start":"1100","end":"1600"}],"segments":[]}]}}}