{"meta":{"code":200,"requestId":"5876a22f4434b938cad76174"},"response":{"hours":{"timeframes":[{"days":[1,2,3,4,5],"includesToday":true,"open":[{"start":"1030","end":"+0000"}],"segments":[]},{"days":[6,7],"open":[{"start":"1000","end":"+0000"}],"segments":[]}]},"popular":{"timeframes":[{"days":[3],"includesToday":true,"open":[{"start":"1100","end":"1400"}],"segments":[]},{"days":[4],"open":[{"start":"1100","end":"1400"},{"start":"1900","end":"2000"}],"segments":[]},{"days":[5],"open":[{"start":"1100","end":"1400"},{"start":"1900","end":"2100"}],"segments":[]},{"days":[6],"open":[{"start":"1000","end":"1500"},{"start":"1800","end":"2000"}],"segments":[]},{"days":[7],"open":[{"start":"1000","end":"1600"},{"start":"1800","end":"2000"}],"segments":[]},{"days":[1],"open":[{"start":"1100","end":"1400"}],"segments":[]},{"days":[2],"open":[{"start":"1100","end":"1200"}],"segments":[]}]}}}