{"meta":{"code":200,"requestId":"5876aa36dd57977ca54b9a11"},"response":{"hours":{},"popular":{"timeframes":[{"days":[3],"includesToday":true,"open":[{"start":"0500","end":"0700"},{"start":"0900","end":"1000"},{"start":"1300","end":"1400"},{"start":"1600","end":"1900"}],"segments":[]},{"days":[4],"open":[{"start":"0600","end":"0700"},{"start":"1300","end":"1400"},{"start":"1700","end":"2100"}],"segments":[]},{"days":[5],"open":[{"start":"0500","end":"0700"},{"start":"1400","end":"1500"},{"start":"1700","end":"2300"}],"segments":[]},{"days":[6],"open":[{"start":"1100","end":"2200"}],"segments":[]},{"days":[7],"open":[{"start":"1100","end":"1800"},{"start":"2000","end":"2100"}],"segments":[]},{"days":[1],"open":[{"start":"0500","end":"0600"},{"start":"1600","end":"2200"}],"segments":[]},{"days":[2],"open":[{"start":"0500","end":"0600"},{"start":"1200","end":"1300"},{"start":"1700","end":"2100"}],"segments":[]}]}}}