{"meta":{"code":200,"requestId":"5876a45a4c1f67411ccd13f6"},"response":{"hours":{"timeframes":[{"days":[1,2,3,4,5],"includesToday":true,"open":[{"start":"1100","end":"+0000"}],"segments":[]},{"days":[6,7],"open":[{"start":"0000","end":"0300"},{"start":"1100","end":"+0000"}],"segments":[]}]},"popular":{"timeframes":[{"days":[3],"includesToday":true,"open":[{"start":"1100","end":"+0000"}],"segments":[]},{"days":[4],"open":[{"start":"1700","end":"+0000"}],"segments":[]},{"days":[5],"open":[{"start":"1800","end":"+0300"}],"segments":[]},{"days":[6],"open":[{"start":"1300","end":"+0300"}],"segments":[]},{"days":[7],"open":[{"start":"1200","end":"2300"}],"segments":[]},{"days":[1],"open":[{"start":"1700","end":"2300"}],"segments":[]},{"days":[2],"open":[{"start":"1700","end":"+0000"}],"segments":[]}]}}}