{"meta":{"code":200,"requestId":"5876a53c4c1f674102c72f2c"},"response":{"hours":{},"popular":{"timeframes":[{"days":[3],"includesToday":true,"open":[{"start":"0000","end":"+0300"}],"segments":[]},{"days":[4],"open":[{"start":"1200","end":"1300"}],"segments":[]},{"days":[5],"open":[{"start":"0000","end":"+0400"}],"segments":[]},{"days":[6],"open":[{"start":"0900","end":"1500"},{"start":"2200","end":"+0400"}],"segments":[]},{"days":[7],"open":[{"start":"0900","end":"1500"},{"start":"2200","end":"+0300"}],"segments":[]},{"days":[1],"open":[{"start":"2300","end":"+0000"}],"segments":[]},{"days":[2],"open":[{"start":"0200","end":"+0300"}],"segments":[]}]}}}