{"meta":{"code":200,"requestId":"5876abfadb04f5404351801d"},"response":{"hours":{"timeframes":[{"days":[1,2,3,4],"includesToday":true,"open":[{"start":"1100","end":"+0000"}],"segments":[]},{"days":[5,6],"open":[{"start":"0700","end":"+0200"}],"segments":[]},{"days":[7],"open":[{"start":"0700","end":"2200"}],"segments":[]}]},"popular":{"timeframes":[{"days":[3],"includesToday":true,"open":[{"start":"1500","end":"2200"}],"segments":[]},{"days":[4],"open":[{"start":"1500","end":"2100"}],"segments":[]},{"days":[5],"open":[{"start":"0900","end":"1200"},{"start":"1400","end":"2300"}],"segments":[]},{"days":[6],"open":[{"start":"0900","end":"2200"}],"segments":[]},{"days":[7],"open":[{"start":"0800","end":"2100"}],"segments":[]},{"days":[1],"open":[{"start":"1700","end":"1800"}],"segments":[]},{"days":[2],"open":[{"start":"1500","end":"2100"}],"segments":[]}]}}}