{"meta":{"code":200,"requestId":"5876a58a6a60717ae9e6bf4a"},"response":{"hours":{"timeframes":[{"days":[1,2,3,4,5,6,7],"includesToday":true,"open":[{"start":"0630","end":"1400"}],"segments":[]}]},"popular":{"timeframes":[{"days":[3],"includesToday":true,"open":[{"start":"0700","end":"1300"}],"segments":[]},{"days":[4],"open":[{"start":"0700","end":"1300"}],"segments":[]},{"days":[5],"open":[{"start":"0900","end":"1400"}],"segments":[]},{"days":[6],"open":[{"start":"0700","end":"1400"}],"segments":[]},{"days":[7],"open":[{"start":"0800","end":"1400"}],"segments":[]},{"days":[1],"open":[{"start":"0700","end":"1300"}],"segments":[]},{"days":[2],"open":[{"start":"0800","end":"1300"}],"segments":[]}]}}}