{"meta":{"code":200,"requestId":"5876a1254c1f6740cd1ca8a3"},"response":{"hours":{"timeframes":[{"days":[1,2,3,4,5,6,7],"includesToday":true,"open":[{"start":"0900","end":"2330"}],"segments":[]}]},"popular":{"timeframes":[{"days":[3],"includesToday":true,"open":[{"start":"1200","end":"2200"}],"segments":[]},{"days":[4],"open":[{"start":"1400","end":"2200"}],"segments":[]},{"days":[5],"open":[{"start":"1300","end":"2300"}],"segments":[]},{"days":[6],"open":[{"start":"1100","end":"2200"}],"segments":[]},{"days":[7],"open":[{"start":"1200","end":"2200"}],"segments":[]},{"days":[1],"open":[{"start":"1300","end":"2200"}],"segments":[]},{"days":[2],"open":[{"start":"1200","end":"2200"}],"segments":[]}]}}}