{"meta":{"code":200,"requestId":"5876ab271ed21954aad8b5a9"},"response":{"hours":{"timeframes":[{"days":[1,2,3,4,5],"includesToday":true,"open":[{"start":"0500","end":"2100"}],"segments":[]},{"days":[6],"open":[{"start":"0530","end":"2100"}],"segments":[]},{"days":[7],"open":[{"start":"0600","end":"2000"}],"segments":[]}]},"popular":{"timeframes":[{"days":[3],"includesToday":true,"open":[{"start":"0800","end":"0900"},{"start":"1200","end":"1900"}],"segments":[]},{"days":[4],"open":[{"start":"0900","end":"1800"}],"segments":[]},{"days":[5],"open":[{"start":"0600","end":"1900"}],"segments":[]},{"days":[6],"open":[{"start":"0800","end":"2100"}],"segments":[]},{"days":[7],"open":[{"start":"0800","end":"1900"}],"segments":[]},{"days":[1],"open":[{"start":"0800","end":"0900"},{"start":"1100","end":"1900"}],"segments":[]},{"days":[2],"open":[{"start":"0800","end":"1800"}],"segments":[]}]}}}