{"meta":{"code":200,"requestId":"5876a66f351e3d3405a42534"},"response":{"hours":{},"popular":{"timeframes":[{"days":[3],"includesToday":true,"open":[{"start":"0700","end":"1200"},{"start":"1500","end":"1600"},{"start":"1800","end":"2000"}],"segments":[]},{"days":[4],"open":[{"start":"0700","end":"1400"},{"start":"1800","end":"2100"}],"segments":[]},{"days":[5],"open":[{"start":"0700","end":"1400"},{"start":"1600","end":"2000"}],"segments":[]},{"days":[6],"open":[{"start":"0800","end":"1600"},{"start":"1800","end":"1900"}],"segments":[]},{"days":[7],"open":[{"start":"0900","end":"2000"}],"segments":[]},{"days":[1],"open":[{"start":"0700","end":"1400"},{"start":"1700","end":"2000"}],"segments":[]},{"days":[2],"open":[{"start":"0800","end":"1500"},{"start":"1800","end":"2100"}],"segments":[]}]}}}