{"meta":{"code":200,"requestId":"5876ab8d4434b93894576e86"},"response":{"hours":{},"popular":{"timeframes":[{"days":[3],"includesToday":true,"open":[{"start":"0700","end":"0900"},{"start":"1100","end":"1400"},{"start":"1700","end":"2000"},{"start":"2200","end":"2300"}],"segments":[]},{"days":[4],"open":[{"start":"0700","end":"0900"},{"start":"1100","end":"1400"},{"start":"1700","end":"2000"}],"segments":[]},{"days":[5],"open":[{"start":"0700","end":"0800"},{"start":"1100","end":"2300"}],"segments":[]},{"days":[6],"open":[{"start":"0600","end":"0700"},{"start":"0900","end":"1900"},{"start":"2200","end":"2300"}],"segments":[]},{"days":[7],"open":[{"start":"0700","end":"1900"}],"segments":[]},{"days":[1],"open":[{"start":"0700","end":"2100"}],"segments":[]},{"days":[2],"open":[{"start":"0700","end":"0800"},{"start":"2000","end":"2100"}],"segments":[]}]}}}