{"meta":{"code":200,"requestId":"5876b5f86a60717aea65d8ef"},"response":{"hours":{"timeframes":[{"days":[1,2,3,4,5,6],"includesToday":true,"open":[{"start":"0500","end":"2100"}],"segments":[]},{"days":[7],"open":[{"start":"0530","end":"2000"}],"segments":[]}]},"popular":{"timeframes":[{"days":[3],"includesToday":true,"open":[{"start":"0700","end":"1400"},{"start":"1600","end":"1700"}],"segments":[]},{"days":[4],"open":[{"start":"0700","end":"1600"}],"segments":[]},{"days":[5],"open":[{"start":"0600","end":"1500"}],"segments":[]},{"days":[6],"open":[{"start":"0700","end":"1700"}],"segments":[]},{"days":[7],"open":[{"start":"0800","end":"1600"}],"segments":[]},{"days":[1,2],"open":[{"start":"0700","end":"1700"}],"segments":[]}]}}}