{"meta":{"code":200,"requestId":"5876a61a4c1f674102cd0318"},"response":{"hours":{"timeframes":[{"days":[1,2,3],"includesToday":true,"open":[{"start":"0530","end":"2200"}],"segments":[]},{"days":[4],"open":[{"start":"0530","end":"2300"}],"segments":[]},{"days":[5],"open":[{"start":"0530","end":"+0000"}],"segments":[]},{"days":[6],"open":[{"start":"0700","end":"+0000"}],"segments":[]},{"days":[7],"open":[{"start":"0700","end":"2200"}],"segments":[]}]},"popular":{"timeframes":[{"days":[3],"includesToday":true,"open":[{"start":"0800","end":"1400"},{"start":"1800","end":"1900"}],"segments":[]},{"days":[4],"open":[{"start":"0800","end":"1400"},{"start":"1700","end":"1900"}],"segments":[]},{"days":[5],"open":[{"start":"0800","end":"1400"},{"start":"1700","end":"2200"}],"segments":[]},{"days":[6],"open":[{"start":"0700","end":"2300"}],"segments":[]},{"days":[7],"open":[{"start":"0800","end":"1800"}],"segments":[]},{"days":[1],"open":[{"start":"0900","end":"1400"}],"segments":[]},{"days":[2],"open":[{"start":"1000","end":"1400"}],"segments":[]}]}}}