{"meta":{"code":200,"requestId":"5876a4376a60717ae9ddbac2"},"response":{"hours":{"timeframes":[{"days":[1,2,3],"includesToday":true,"open":[{"start":"0700","end":"2300"}],"segments":[]},{"days":[4,5],"open":[{"start":"0700","end":"+0000"}],"segments":[]},{"days":[6],"open":[{"start":"0800","end":"+0000"}],"segments":[]},{"days":[7],"open":[{"start":"0800","end":"2300"}],"segments":[]}]},"popular":{"timeframes":[{"days":[3],"includesToday":true,"open":[{"start":"1100","end":"1300"},{"start":"1800","end":"2100"}],"segments":[]},{"days":[4],"open":[{"start":"1100","end":"1300"},{"start":"1700","end":"2200"}],"segments":[]},{"days":[5],"open":[{"start":"1100","end":"1400"},{"start":"1800","end":"2300"}],"segments":[]},{"days":[6],"open":[{"start":"0800","end":"1500"},{"start":"1700","end":"2300"}],"segments":[]},{"days":[7],"open":[{"start":"0800","end":"1500"},{"start":"1700","end":"2000"}],"segments":[]},{"days":[1],"open":[{"start":"1100","end":"1400"},{"start":"1800","end":"2000"}],"segments":[]},{"days":[2],"open":[{"start":"1100","end":"1300"},{"start":"1700","end":"2000"}],"segments":[]}]}}}