{"meta":{"code":200,"requestId":"5876a3c84434b93895ac5660"},"response":{"hours":{"timeframes":[{"days":[2,3,4,7],"includesToday":true,"open":[{"start":"1700","end":"2100"}],"segments":[]},{"days":[5,6],"open":[{"start":"1700","end":"2200"}],"segments":[]}]},"popular":{"timeframes":[{"days":[3],"includesToday":true,"open":[{"start":"1800","end":"2100"}],"segments":[]},{"days":[4,5,6,7],"open":[{"start":"1700","end":"2200"}],"segments":[]},{"days":[1],"open":[],"segments":[]},{"days":[2],"open":[{"start":"1700","end":"2200"}],"segments":[]}]}}}