{"meta":{"code":200,"requestId":"5876a13f6a60717aeae72a74"},"response":{"hours":{"timeframes":[{"days":[1,2,3,4],"includesToday":true,"open":[{"start":"0630","end":"2300"}],"segments":[]},{"days":[5],"open":[{"start":"0630","end":"+0000"}],"segments":[]},{"days":[6],"open":[{"start":"0700","end":"+0000"}],"segments":[]},{"days":[7],"open":[{"start":"0700","end":"2300"}],"segments":[]}]},"popular":{"timeframes":[{"days":[3],"includesToday":true,"open":[{"start":"0900","end":"2200"}],"segments":[]},{"days":[4,5],"open":[{"start":"1000","end":"2200"}],"segments":[]},{"days":[6],"open":[{"start":"0900","end":"2200"}],"segments":[]},{"days":[7],"open":[{"start":"0900","end":"2100"}],"segments":[]},{"days":[1],"open":[{"start":"0900","end":"2200"}],"segments":[]},{"days":[2],"open":[{"start":"0800","end":"1100"},{"start":"1300","end":"2200"}],"segments":[]}]}}}