{"meta":{"code":200,"requestId":"58769fdddb04f5404210d89f"},"response":{"hours":{},"popular":{"timeframes":[{"days":[3],"includesToday":true,"open":[{"start":"1100","end":"2300"}],"segments":[]},{"days":[4],"open":[{"start":"1000","end":"1700"},{"start":"1900","end":"2300"}],"segments":[]},{"days":[5,6],"open":[{"start":"1000","end":"+0000"}],"segments":[]},{"days":[7],"open":[{"start":"1200","end":"2300"}],"segments":[]},{"days":[1],"open":[{"start":"1000","end":"2300"}],"segments":[]},{"days":[2],"open":[{"start":"1200","end":"2000"},{"start":"2200","end":"+0000"}],"segments":[]}]}}}