{"meta":{"code":200,"requestId":"5876a154dd57977ca51008c3"},"response":{"hours":{"timeframes":[{"days":[1,2,3,4,5,6,7],"includesToday":true,"open":[{"start":"0500","end":"1900"}],"segments":[]}]},"popular":{"timeframes":[{"days":[3],"includesToday":true,"open":[{"start":"0600","end":"1600"}],"segments":[]},{"days":[4],"open":[{"start":"0600","end":"1400"}],"segments":[]},{"days":[5],"open":[{"start":"0600","end":"1100"},{"start":"1300","end":"1600"}],"segments":[]},{"days":[6],"open":[{"start":"0600","end":"1600"}],"segments":[]},{"days":[7],"open":[{"start":"0600","end":"1300"}],"segments":[]},{"days":[1],"open":[{"start":"0600","end":"1400"}],"segments":[]},{"days":[2],"open":[{"start":"0600","end":"1500"}],"segments":[]}]}}}