{"meta":{"code":200,"requestId":"5876a36f351e3d3403cb604e"},"response":{"hours":{},"popular":{"timeframes":[{"days":[3],"includesToday":true,"open":[{"start":"1600","end":"2300"}],"segments":[]},{"days":[4],"open":[{"start":"1600","end":"2300"}],"segments":[]},{"days":[5,6,7],"open":[{"start":"1100","end":"+0000"}],"segments":[]},{"days":[1],"open":[{"start":"1200","end":"1300"},{"start":"1500","end":"2100"},{"start":"2300","end":"+0000"}],"segments":[]},{"days":[2],"open":[{"start":"1100","end":"2100"}],"segments":[]}]}}}