{"meta":{"code":200,"requestId":"5876a5899fb6b71b2041788b"},"response":{"hours":{"timeframes":[{"days":[1,2,3,4],"includesToday":true,"open":[{"start":"1700","end":"2200"}],"segments":[]},{"days":[5,6],"open":[{"start":"1700","end":"2230"}],"segments":[]}]},"popular":{"timeframes":[{"days":[3],"includesToday":true,"open":[{"start":"1700","end":"2200"}],"segments":[]},{"days":[4],"open":[{"start":"1700","end":"2200"}],"segments":[]},{"days":[5,6],"open":[{"start":"1700","end":"2300"}],"segments":[]},{"days":[7],"open":[],"segments":[]},{"days":[1,2],"open":[{"start":"1700","end":"2200"}],"segments":[]}]}}}