{"meta":{"code":200,"requestId":"58769e794c1f674102974398"},"response":{"hours":{"timeframes":[{"days":[1,2,3,4,7],"includesToday":true,"open":[{"start":"0700","end":"2130"}],"segments":[]},{"days":[5,6],"open":[{"start":"0700","end":"2300"}],"segments":[]}]},"popular":{"timeframes":[{"days":[3],"includesToday":true,"open":[{"start":"1100","end":"1400"},{"start":"1700","end":"2000"}],"segments":[]},{"days":[4],"open":[{"start":"1100","end":"1400"},{"start":"1700","end":"2100"}],"segments":[]},{"days":[5],"open":[{"start":"1000","end":"1400"},{"start":"1700","end":"2100"}],"segments":[]},{"days":[6],"open":[{"start":"0700","end":"2000"}],"segments":[]},{"days":[7],"open":[{"start":"0900","end":"2000"}],"segments":[]},{"days":[1],"open":[{"start":"1000","end":"1400"},{"start":"1600","end":"2000"}],"segments":[]},{"days":[2],"open":[{"start":"1100","end":"1400"},{"start":"1800","end":"2000"}],"segments":[]}]}}}