{"meta":{"code":200,"requestId":"5876a379f594df7549b8a495"},"response":{"hours":{"timeframes":[{"days":[1,2,3,4],"includesToday":true,"open":[{"start":"1100","end":"2300"}],"segments":[]},{"days":[5,6],"open":[{"start":"1100","end":"+0000"}],"segments":[]},{"days":[7],"open":[{"start":"1100","end":"2100"}],"segments":[]}]},"popular":{"timeframes":[{"days":[3],"includesToday":true,"open":[{"start":"1200","end":"1300"},{"start":"1500","end":"2200"}],"segments":[]},{"days":[4,5,6],"open":[{"start":"1200","end":"2300"}],"segments":[]},{"days":[7],"open":[{"start":"1200","end":"1900"}],"segments":[]},{"days":[1],"open":[{"start":"1400","end":"2200"}],"segments":[]},{"days":[2],"open":[{"start":"1500","end":"2200"}],"segments":[]}]}}}