{"meta":{"code":200,"requestId":"5876a610dd57977cba8eaeb2"},"response":{"hours":{"timeframes":[{"days":[1,2,3,4,5],"includesToday":true,"open":[{"start":"1100","end":"2100"}],"segments":[]},{"days":[6,7],"open":[{"start":"1200","end":"2100"}],"segments":[]}]},"popular":{"timeframes":[{"days":[3],"includesToday":true,"open":[{"start":"1100","end":"1400"},{"start":"1800","end":"1900"}],"segments":[]},{"days":[4,5],"open":[{"start":"1100","end":"2100"}],"segments":[]},{"days":[6],"open":[{"start":"1200","end":"2000"}],"segments":[]},{"days":[7],"open":[{"start":"1200","end":"1900"}],"segments":[]},{"days":[1],"open":[{"start":"1100","end":"1300"},{"start":"1500","end":"1700"},{"start":"1900","end":"2000"}],"segments":[]},{"days":[2],"open":[{"start":"1100","end":"1900"}],"segments":[]}]}}}