{"meta":{"code":200,"requestId":"5876a6caf594df7549cf1283"},"response":{"hours":{"timeframes":[{"days":[1,2,3,4,7],"includesToday":true,"open":[{"start":"1700","end":"2300"}],"segments":[]},{"days":[5,6],"open":[{"start":"1700","end":"+0000"}],"segments":[]}]},"popular":{"timeframes":[{"days":[3],"includesToday":true,"open":[{"start":"1700","end":"2200"}],"segments":[]},{"days":[4,5],"open":[{"start":"1700","end":"2200"}],"segments":[]},{"days":[6],"open":[{"start":"1000","end":"1300"},{"start":"1700","end":"2300"}],"segments":[]},{"days":[7],"open":[{"start":"1000","end":"1400"},{"start":"1700","end":"2200"}],"segments":[]},{"days":[1],"open":[{"start":"1700","end":"2100"}],"segments":[]},{"days":[2],"open":[{"start":"0700","end":"0800"},{"start":"1700","end":"2100"}],"segments":[]}]}}}