{"meta":{"code":200,"requestId":"5876a234351e3d3407e4ab34"},"response":{"hours":{"timeframes":[{"days":[1,2,3,4,7],"includesToday":true,"open":[{"start":"0800","end":"+0000"}],"segments":[]},{"days":[5,6],"open":[{"start":"0800","end":"+0300"}],"segments":[]}]},"popular":{"timeframes":[{"days":[3],"includesToday":true,"open":[{"start":"1200","end":"1700"},{"start":"1900","end":"2300"}],"segments":[]},{"days":[4],"open":[{"start":"1200","end":"1400"},{"start":"1700","end":"2100"}],"segments":[]},{"days":[5],"open":[{"start":"1100","end":"1500"},{"start":"1700","end":"2300"}],"segments":[]},{"days":[6],"open":[{"start":"0900","end":"1000"},{"start":"1200","end":"1600"},{"start":"1800","end":"2200"}],"segments":[]},{"days":[7],"open":[{"start":"0100","end":"+0200"}],"segments":[]},{"days":[1],"open":[{"start":"1200","end":"1300"},{"start":"1600","end":"1900"}],"segments":[]},{"days":[2],"open":[{"start":"1100","end":"1500"},{"start":"1800","end":"2200"}],"segments":[]}]}}}