{"meta":{"code":200,"requestId":"5876a612351e3d3404167a87"},"response":{"hours":{"timeframes":[{"days":[1,2,3,4,5,6],"includesToday":true,"open":[{"start":"1030","end":"2100"}],"segments":[]},{"days":[7],"open":[{"start":"1030","end":"2000"}],"segments":[]}]},"popular":{"timeframes":[{"days":[3],"includesToday":true,"open":[{"start":"1100","end":"2100"}],"segments":[]},{"days":[4],"open":[{"start":"1100","end":"1500"},{"start":"1700","end":"2100"}],"segments":[]},{"days":[5],"open":[{"start":"1100","end":"2100"}],"segments":[]},{"days":[6],"open":[{"start":"1200","end":"2000"}],"segments":[]},{"days":[7],"open":[{"start":"1100","end":"1600"},{"start":"1800","end":"2000"}],"segments":[]},{"days":[1,2],"open":[{"start":"1100","end":"1500"},{"start":"1700","end":"2100"}],"segments":[]}]}}}