{"meta":{"code":200,"requestId":"5876a55e4434b93893513b54"},"response":{"hours":{"timeframes":[{"days":[1,2,3,4,5],"includesToday":true,"open":[{"start":"1100","end":"2200"}],"segments":[]},{"days":[6,7],"open":[{"start":"0800","end":"2200"}],"segments":[]}]},"popular":{"timeframes":[{"days":[3],"includesToday":true,"open":[{"start":"0600","end":"0700"},{"start":"1200","end":"1400"},{"start":"1700","end":"2100"}],"segments":[]},{"days":[4],"open":[{"start":"1100","end":"1500"},{"start":"1700","end":"2100"}],"segments":[]},{"days":[5],"open":[{"start":"1100","end":"1500"},{"start":"1700","end":"2200"}],"segments":[]},{"days":[6,7],"open":[{"start":"0900","end":"2100"}],"segments":[]},{"days":[1],"open":[{"start":"1100","end":"1500"},{"start":"1700","end":"2100"}],"segments":[]},{"days":[2],"open":[{"start":"0600","end":"0700"},{"start":"1100","end":"1400"},{"start":"1700","end":"2100"}],"segments":[]}]}}}