{"meta":{"code":200,"requestId":"5876a6416a60717aeb1785b4"},"response":{"hours":{"timeframes":[{"days":[1,2],"open":[{"start":"0600","end":"+0000"}],"segments":[]},{"days":[3,4,5],"includesToday":true,"open":[{"start":"0600","end":"+0200"}],"segments":[]},{"days":[6],"open":[{"start":"0700","end":"+0200"}],"segments":[]},{"days":[7],"open":[{"start":"0700","end":"+0000"}],"segments":[]}]},"popular":{"timeframes":[{"days":[3],"includesToday":true,"open":[{"start":"1600","end":"2300"}],"segments":[]},{"days":[4],"open":[{"start":"1700","end":"2300"}],"segments":[]},{"days":[5],"open":[{"start":"1600","end":"+0000"}],"segments":[]},{"days":[6],"open":[{"start":"1000","end":"+0000"}],"segments":[]},{"days":[7],"open":[{"start":"0900","end":"1400"},{"start":"1700","end":"2000"}],"segments":[]},{"days":[1,2],"open":[{"start":"1700","end":"2000"},{"start":"2200","end":"2300"}],"segments":[]}]}}}