{"meta":{"code":200,"requestId":"5876a3c91ed21954ac97a81c"},"response":{"hours":{},"popular":{"timeframes":[{"days":[3],"includesToday":true,"open":[{"start":"1100","end":"1600"},{"start":"1800","end":"1900"}],"segments":[]},{"days":[4],"open":[{"start":"1100","end":"1600"},{"start":"1800","end":"1900"}],"segments":[]},{"days":[5],"open":[{"start":"1000","end":"1700"}],"segments":[]},{"days":[6],"open":[{"start":"1100","end":"1900"}],"segments":[]},{"days":[7],"open":[{"start":"1100","end":"1700"}],"segments":[]},{"days":[1],"open":[{"start":"1000","end":"1600"},{"start":"1800","end":"1900"}],"segments":[]},{"days":[2],"open":[{"start":"1100","end":"1500"},{"start":"1800","end":"1900"}],"segments":[]}]}}}