{"meta":{"code":200,"requestId":"5876a2116a60717ae9cec6b1"},"response":{"hours":{"timeframes":[{"days":[1,7],"open":[{"start":"0700","end":"1600"}],"segments":[]},{"days":[2,3,4,5,6],"includesToday":true,"open":[{"start":"0700","end":"2100"}],"segments":[]}]},"popular":{"timeframes":[{"days":[3],"includesToday":true,"open":[{"start":"0800","end":"1300"}],"segments":[]},{"days":[4],"open":[{"start":"0900","end":"1300"}],"segments":[]},{"days":[5],"open":[{"start":"0800","end":"1400"},{"start":"1800","end":"2000"}],"segments":[]},{"days":[6,7],"open":[{"start":"0800","end":"1500"}],"segments":[]},{"days":[1],"open":[{"start":"0800","end":"1400"}],"segments":[]},{"days":[2],"open":[{"start":"0900","end":"1300"}],"segments":[]}]}}}