{"meta":{"code":200,"requestId":"5876a20df594df754ab35860"},"response":{"hours":{"timeframes":[{"days":[1,2,3,4],"includesToday":true,"open":[{"start":"1100","end":"1500"},{"start":"1630","end":"2200"}],"segments":[]},{"days":[5,6],"open":[{"start":"1100","end":"1500"},{"start":"1630","end":"2300"}],"segments":[]},{"days":[7],"open":[{"start":"1630","end":"2200"}],"segments":[]}]},"popular":{"timeframes":[{"days":[3],"includesToday":true,"open":[{"start":"1200","end":"1500"},{"start":"1800","end":"2100"}],"segments":[]},{"days":[4],"open":[{"start":"1100","end":"1400"},{"start":"1700","end":"2100"}],"segments":[]},{"days":[5],"open":[{"start":"1100","end":"1400"},{"start":"1700","end":"2200"}],"segments":[]},{"days":[6],"open":[{"start":"1300","end":"1400"},{"start":"1700","end":"2200"}],"segments":[]},{"days":[7],"open":[{"start":"1800","end":"2000"}],"segments":[]},{"days":[1],"open":[{"start":"1300","end":"1500"},{"start":"1700","end":"2200"}],"segments":[]},{"days":[2],"open":[{"start":"1200","end":"1500"},{"start":"1700","end":"2100"}],"segments":[]}]}}}