{"meta":{"code":200,"requestId":"5876a09f4434b938afcfc805"},"response":{"hours":{},"popular":{"timeframes":[{"days":[3],"includesToday":true,"open":[{"start":"0700","end":"0800"},{"start":"1100","end":"1600"},{"start":"1800","end":"2300"}],"segments":[]},{"days":[4],"open":[{"start":"0700","end":"0900"},{"start":"1200","end":"2300"}],"segments":[]},{"days":[5],"open":[{"start":"0700","end":"0800"},{"start":"1100","end":"1600"},{"start":"1800","end":"2300"}],"segments":[]},{"days":[6],"open":[{"start":"0900","end":"1600"},{"start":"2000","end":"+0000"}],"segments":[]},{"days":[7],"open":[{"start":"0900","end":"1700"},{"start":"1900","end":"2200"}],"segments":[]},{"days":[1],"open":[{"start":"0700","end":"0900"},{"start":"1100","end":"1500"},{"start":"1800","end":"2300"}],"segments":[]},{"days":[2],"open":[{"start":"0800","end":"0900"},{"start":"1100","end":"1500"},{"start":"1800","end":"2300"}],"segments":[]}]}}}