{"meta":{"code":200,"requestId":"58769dc26a60717ae6f13ca0"},"response":{"hours":{},"popular":{"timeframes":[{"days":[3],"includesToday":true,"open":[{"start":"0800","end":"0900"},{"start":"1100","end":"1400"},{"start":"1600","end":"2000"}],"segments":[]},{"days":[4],"open":[{"start":"0700","end":"0800"},{"start":"1200","end":"1500"},{"start":"1700","end":"1900"}],"segments":[]},{"days":[5],"open":[{"start":"0200","end":"+0300"}],"segments":[]},{"days":[6,7],"open":[{"start":"0300","end":"+0400"}],"segments":[]},{"days":[1],"open":[{"start":"1600","end":"1900"}],"segments":[]},{"days":[2],"open":[{"start":"0600","end":"0700"},{"start":"1200","end":"1300"},{"start":"1700","end":"2000"}],"segments":[]}]}}}