{"meta":{"code":200,"requestId":"5876a7b41ed21954a9d4c810"},"response":{"hours":{},"popular":{"timeframes":[{"days":[3],"includesToday":true,"open":[{"start":"0800","end":"1200"}],"segments":[]},{"days":[4],"open":[{"start":"0800","end":"1300"}],"segments":[]},{"days":[5,6],"open":[{"start":"0800","end":"1400"}],"segments":[]},{"days":[7],"open":[{"start":"0800","end":"1500"}],"segments":[]},{"days":[1],"open":[{"start":"0800","end":"1300"}],"segments":[]},{"days":[2],"open":[{"start":"1000","end":"1300"}],"segments":[]}]}}}