{"meta":{"code":200,"requestId":"5876a3b2db04f54044ada6f5"},"response":{"hours":{"timeframes":[{"days":[1,2,3,4,7],"includesToday":true,"open":[{"start":"1300","end":"2200"}],"segments":[]},{"days":[5,6],"open":[{"start":"1300","end":"2300"}],"segments":[]}]},"popular":{"timeframes":[{"days":[3],"includesToday":true,"open":[{"start":"1800","end":"2200"}],"segments":[]},{"days":[4],"open":[{"start":"1500","end":"1600"},{"start":"1900","end":"2200"}],"segments":[]},{"days":[5],"open":[{"start":"1400","end":"2300"}],"segments":[]},{"days":[6],"open":[{"start":"1300","end":"2300"}],"segments":[]},{"days":[7],"open":[{"start":"1300","end":"2200"}],"segments":[]},{"days":[1],"open":[{"start":"1400","end":"1600"},{"start":"1800","end":"2200"}],"segments":[]},{"days":[2],"open":[{"start":"1800","end":"2200"}],"segments":[]}]}}}