{"meta":{"code":200,"requestId":"5876a928db04f54045aa2e18"},"response":{"hours":{"timeframes":[{"days":[1,2,3,4,5,6],"includesToday":true,"open":[{"start":"0630","end":"2200"}],"segments":[]},{"days":[7],"open":[{"start":"0700","end":"2200"}],"segments":[]}]},"popular":{"timeframes":[{"days":[3],"includesToday":true,"open":[{"start":"0900","end":"1300"},{"start":"1800","end":"2100"}],"segments":[]},{"days":[4,5],"open":[{"start":"0800","end":"1400"},{"start":"1700","end":"2200"}],"segments":[]},{"days":[6],"open":[{"start":"0800","end":"1400"},{"start":"1800","end":"2000"}],"segments":[]},{"days":[7],"open":[{"start":"0700","end":"1400"},{"start":"1600","end":"2200"}],"segments":[]},{"days":[1],"open":[{"start":"0700","end":"1300"},{"start":"1800","end":"2000"}],"segments":[]},{"days":[2],"open":[{"start":"0800","end":"1000"},{"start":"1200","end":"1300"},{"start":"1800","end":"2200"}],"segments":[]}]}}}