{"meta":{"code":200,"requestId":"5876a0cd9fb6b71b83f69b26"},"response":{"hours":{"timeframes":[{"days":[2,3,4,5,6],"includesToday":true,"open":[{"start":"1630","end":"2000"}],"segments":[]},{"days":[7],"open":[{"start":"1200","end":"2000"}],"segments":[]}]},"popular":{"timeframes":[{"days":[3],"includesToday":true,"open":[{"start":"0800","end":"0900"},{"start":"1600","end":"2100"}],"segments":[]},{"days":[4],"open":[{"start":"0800","end":"0900"},{"start":"1600","end":"2000"}],"segments":[]},{"days":[5,6],"open":[{"start":"0800","end":"0900"},{"start":"1600","end":"2100"}],"segments":[]},{"days":[7],"open":[{"start":"0800","end":"0900"},{"start":"1100","end":"2000"}],"segments":[]},{"days":[1],"open":[{"start":"0800","end":"0900"}],"segments":[]},{"days":[2],"open":[{"start":"0800","end":"0900"},{"start":"1700","end":"2000"}],"segments":[]}]}}}