{"meta":{"code":200,"requestId":"5876a533351e3d3406911977"},"response":{"hours":{"timeframes":[{"days":[1,2,3,4],"includesToday":true,"open":[{"start":"1530","end":"2130"}],"segments":[]},{"days":[5,6],"open":[{"start":"1700","end":"2200"}],"segments":[]},{"days":[7],"open":[{"start":"1600","end":"2100"}],"segments":[]}]},"popular":{"timeframes":[{"days":[3],"includesToday":true,"open":[{"start":"1800","end":"2100"}],"segments":[]},{"days":[4],"open":[{"start":"1700","end":"2200"}],"segments":[]},{"days":[5,6],"open":[{"start":"1700","end":"2300"}],"segments":[]},{"days":[7],"open":[{"start":"1700","end":"2100"}],"segments":[]},{"days":[1],"open":[{"start":"1700","end":"2100"}],"segments":[]},{"days":[2],"open":[{"start":"1700","end":"2200"}],"segments":[]}]}}}