{"meta":{"code":200,"requestId":"5876ab44dd57977ca5522b83"},"response":{"hours":{"timeframes":[{"days":[1,2,3,4],"includesToday":true,"open":[{"start":"0530","end":"1600"}],"segments":[]},{"days":[5,6],"open":[{"start":"0530","end":"1700"}],"segments":[]},{"days":[7],"open":[{"start":"0700","end":"1600"}],"segments":[]}]},"popular":{"timeframes":[{"days":[3],"includesToday":true,"open":[{"start":"0700","end":"1100"}],"segments":[]},{"days":[4],"open":[{"start":"0700","end":"1000"}],"segments":[]},{"days":[5],"open":[{"start":"0600","end":"1200"}],"segments":[]},{"days":[6],"open":[{"start":"0500","end":"1300"}],"segments":[]},{"days":[7],"open":[{"start":"0700","end":"1400"}],"segments":[]},{"days":[1],"open":[{"start":"0700","end":"1100"}],"segments":[]},{"days":[2],"open":[{"start":"0700","end":"1100"},{"start":"1400","end":"1500"}],"segments":[]}]}}}