{"meta":{"code":200,"requestId":"5876abaaf594df757e884e44"},"response":{"hours":{"timeframes":[{"days":[1,2,3,4],"includesToday":true,"open":[{"start":"1600","end":"+0200"}],"segments":[]},{"days":[5],"open":[{"start":"1500","end":"+0200"}],"segments":[]},{"days":[6,7],"open":[{"start":"0900","end":"+0200"}],"segments":[]}]},"popular":{"timeframes":[{"days":[3],"includesToday":true,"open":[{"start":"0800","end":"0900"},{"start":"1700","end":"+0100"}],"segments":[]},{"days":[4],"open":[{"start":"1700","end":"2300"}],"segments":[]},{"days":[5],"open":[{"start":"1700","end":"+0100"}],"segments":[]},{"days":[6],"open":[{"start":"1200","end":"+0000"}],"segments":[]},{"days":[7],"open":[{"start":"1300","end":"2300"}],"segments":[]},{"days":[1,2],"open":[{"start":"1800","end":"+0000"}],"segments":[]}]}}}