{"meta":{"code":200,"requestId":"5876a409dd57977ca3496707"},"response":{"hours":{"timeframes":[{"days":[1,2,3,4,5],"includesToday":true,"open":[{"start":"0630","end":"1430"}],"segments":[]},{"days":[6,7],"open":[{"start":"0700","end":"1430"}],"segments":[]}]},"popular":{"timeframes":[{"days":[3],"includesToday":true,"open":[{"start":"0800","end":"1400"}],"segments":[]},{"days":[4,5],"open":[{"start":"0700","end":"1400"}],"segments":[]},{"days":[6,7],"open":[{"start":"0700","end":"1500"}],"segments":[]},{"days":[1,2],"open":[{"start":"0800","end":"1400"}],"segments":[]}]}}}