{"meta":{"code":200,"requestId":"5876a8d5351e3d3407114329"},"response":{"hours":{"timeframes":[{"days":[1,2,3,4,5,6,7],"includesToday":true,"open":[{"start":"0000","end":"+0000"}],"segments":[]}]},"popular":{"timeframes":[{"days":[3],"includesToday":true,"open":[{"start":"1100","end":"1400"},{"start":"1800","end":"+0100"}],"segments":[]},{"days":[4],"open":[{"start":"1100","end":"1400"},{"start":"1900","end":"2100"}],"segments":[]},{"days":[5],"open":[{"start":"0800","end":"1600"},{"start":"1900","end":"2000"},{"start":"2200","end":"+0100"}],"segments":[]},{"days":[6],"open":[{"start":"0900","end":"1700"},{"start":"1900","end":"+0100"}],"segments":[]},{"days":[7],"open":[{"start":"1100","end":"1400"},{"start":"1900","end":"2200"}],"segments":[]},{"days":[1],"open":[{"start":"1000","end":"1500"},{"start":"1800","end":"+0000"}],"segments":[]},{"days":[2],"open":[{"start":"1100","end":"1600"},{"start":"2200","end":"+0000"}],"segments":[]}]}}}