{"meta":{"code":200,"requestId":"5876a4d6351e3d3405996285"},"response":{"hours":{},"popular":{"timeframes":[{"days":[3],"includesToday":true,"open":[{"start":"1400","end":"2200"}],"segments":[]},{"days":[4],"open":[{"start":"1100","end":"1200"},{"start":"1600","end":"2100"}],"segments":[]},{"days":[5],"open":[{"start":"1400","end":"1500"},{"start":"1700","end":"2200"}],"segments":[]},{"days":[6],"open":[{"start":"1200","end":"1500"},{"start":"1700","end":"2100"}],"segments":[]},{"days":[7],"open":[{"start":"1700","end":"2200"}],"segments":[]},{"days":[1],"open":[],"segments":[]},{"days":[2],"open":[{"start":"1200","end":"1400"},{"start":"1700","end":"2200"}],"segments":[]}]}}}