{"meta":{"code":200,"requestId":"5876a8cc4c1f67411cea8736"},"response":{"hours":{"timeframes":[{"days":[1,2,3,4,5],"includesToday":true,"open":[{"start":"1000","end":"2200"}],"segments":[]},{"days":[6],"open":[{"start":"1100","end":"2200"}],"segments":[]},{"days":[7],"open":[{"start":"1200","end":"2100"}],"segments":[]}]},"popular":{"timeframes":[{"days":[3],"includesToday":true,"open":[{"start":"1100","end":"2100"}],"segments":[]},{"days":[4],"open":[{"start":"1100","end":"2200"}],"segments":[]},{"days":[5],"open":[{"start":"1200","end":"1300"},{"start":"1600","end":"2300"}],"segments":[]},{"days":[6],"open":[{"start":"1200","end":"2200"}],"segments":[]},{"days":[7],"open":[{"start":"1600","end":"1900"}],"segments":[]},{"days":[1,2],"open":[{"start":"1100","end":"2200"}],"segments":[]}]}}}