{"meta":{"code":200,"requestId":"5876a67fdb04f5404598e858"},"response":{"hours":{"timeframes":[{"days":[1,2,3,4,5],"includesToday":true,"open":[{"start":"0900","end":"2230"}],"segments":[]},{"days":[6],"open":[{"start":"0800","end":"2230"}],"segments":[]},{"days":[7],"open":[{"start":"0800","end":"2100"}],"segments":[]}]},"popular":{"timeframes":[{"days":[3],"includesToday":true,"open":[{"start":"1100","end":"1400"},{"start":"1700","end":"2000"}],"segments":[]},{"days":[4],"open":[{"start":"1200","end":"2000"}],"segments":[]},{"days":[5],"open":[{"start":"1100","end":"1300"},{"start":"1500","end":"2200"}],"segments":[]},{"days":[6],"open":[{"start":"1200","end":"1500"},{"start":"1700","end":"2000"}],"segments":[]},{"days":[7],"open":[{"start":"0900","end":"1500"},{"start":"1800","end":"2000"}],"segments":[]},{"days":[1],"open":[{"start":"1200","end":"1400"},{"start":"1800","end":"1900"}],"segments":[]},{"days":[2],"open":[{"start":"1100","end":"1200"},{"start":"1400","end":"1600"},{"start":"1800","end":"1900"}],"segments":[]}]}}}