{"meta":{"code":200,"requestId":"5876aa596a60717aea242cce"},"response":{"hours":{"timeframes":[{"days":[1,2,3,4,5,6],"includesToday":true,"open":[{"start":"0600","end":"+0000"}],"segments":[]},{"days":[7],"open":[{"start":"0700","end":"+0000"}],"segments":[]}]},"popular":{"timeframes":[{"days":[3],"includesToday":true,"open":[{"start":"0500","end":"1400"},{"start":"2000","end":"2100"}],"segments":[]},{"days":[4],"open":[{"start":"0700","end":"1300"},{"start":"2300","end":"+0100"}],"segments":[]},{"days":[5],"open":[{"start":"0800","end":"0900"},{"start":"1800","end":"1900"},{"start":"2200","end":"+0000"}],"segments":[]},{"days":[6],"open":[{"start":"0900","end":"1400"},{"start":"1700","end":"1800"}],"segments":[]},{"days":[7],"open":[{"start":"1300","end":"1400"},{"start":"1800","end":"2000"}],"segments":[]},{"days":[1],"open":[{"start":"0500","end":"0600"},{"start":"0800","end":"0900"},{"start":"1100","end":"1600"},{"start":"2300","end":"+0000"}],"segments":[]},{"days":[2],"open":[{"start":"0700","end":"1200"},{"start":"1400","end":"1600"},{"start":"2300","end":"+0000"}],"segments":[]}]}}}