{"meta":{"code":200,"requestId":"58769e721ed21954ac720b08"},"response":{"hours":{"timeframes":[{"days":[1,2,3,4,5,6],"includesToday":true,"open":[{"start":"0430","end":"2300"}],"segments":[]},{"days":[7],"open":[{"start":"0500","end":"2300"}],"segments":[]}]},"popular":{"timeframes":[{"days":[3],"includesToday":true,"open":[{"start":"0700","end":"1500"},{"start":"1800","end":"1900"}],"segments":[]},{"days":[4],"open":[{"start":"0700","end":"1500"},{"start":"1700","end":"1800"}],"segments":[]},{"days":[5],"open":[{"start":"0700","end":"1600"}],"segments":[]},{"days":[6],"open":[{"start":"0700","end":"1700"}],"segments":[]},{"days":[7],"open":[{"start":"0900","end":"1700"}],"segments":[]},{"days":[1],"open":[{"start":"0700","end":"1100"},{"start":"1600","end":"1700"}],"segments":[]},{"days":[2],"open":[{"start":"0700","end":"1200"},{"start":"2100","end":"2200"}],"segments":[]}]}}}