{"meta":{"code":200,"requestId":"5876a43ddd57977ca4f089bf"},"response":{"hours":{"timeframes":[{"days":[1,2,3,4,5,6],"includesToday":true,"open":[{"start":"0700","end":"2000"}],"segments":[]},{"days":[7],"open":[{"start":"0900","end":"1900"}],"segments":[]}]},"popular":{"timeframes":[{"days":[3],"includesToday":true,"open":[{"start":"1100","end":"2000"}],"segments":[]},{"days":[4,5],"open":[{"start":"1100","end":"2000"}],"segments":[]},{"days":[6],"open":[{"start":"1000","end":"2000"}],"segments":[]},{"days":[7],"open":[{"start":"1000","end":"1900"}],"segments":[]},{"days":[1],"open":[{"start":"1200","end":"2000"}],"segments":[]},{"days":[2],"open":[{"start":"1100","end":"2000"}],"segments":[]}]}}}