{"meta":{"code":200,"requestId":"5876a6ed6a60717ae7e14dd0"},"response":{"hours":{"timeframes":[{"days":[1,2,3,4,5],"includesToday":true,"open":[{"start":"0630","end":"1500"}],"segments":[]},{"days":[6,7],"open":[{"start":"0700","end":"1500"}],"segments":[]}]},"popular":{"timeframes":[{"days":[3],"includesToday":true,"open":[{"start":"0700","end":"1400"}],"segments":[]},{"days":[4],"open":[{"start":"0700","end":"1300"},{"start":"1800","end":"2000"}],"segments":[]},{"days":[5],"open":[{"start":"0700","end":"1400"}],"segments":[]},{"days":[6],"open":[{"start":"0800","end":"1500"}],"segments":[]},{"days":[7],"open":[{"start":"0700","end":"1500"}],"segments":[]},{"days":[1,2],"open":[{"start":"0700","end":"1300"}],"segments":[]}]}}}