{"meta":{"code":200,"requestId":"5876a2e59fb6b71b2319f7e0"},"response":{"hours":{},"popular":{"timeframes":[{"days":[3],"includesToday":true,"open":[{"start":"1100","end":"2100"}],"segments":[]},{"days":[4],"open":[{"start":"1000","end":"1400"},{"start":"1800","end":"2100"}],"segments":[]},{"days":[5],"open":[{"start":"1000","end":"1400"},{"start":"1600","end":"2200"}],"segments":[]},{"days":[6],"open":[{"start":"1300","end":"1400"},{"start":"1600","end":"2200"}],"segments":[]},{"days":[7],"open":[{"start":"1600","end":"2100"}],"segments":[]},{"days":[1,2],"open":[{"start":"1100","end":"1400"},{"start":"1600","end":"2100"}],"segments":[]}]}}}