{"meta":{"code":200,"requestId":"5876a5314c1f6740e820a2e4"},"response":{"hours":{"timeframes":[{"days":[1,2,3,4,5,6,7],"includesToday":true,"open":[{"start":"0600","end":"2300"}],"segments":[]}]},"popular":{"timeframes":[{"days":[3],"includesToday":true,"open":[{"start":"1200","end":"1300"},{"start":"1800","end":"2100"}],"segments":[]},{"days":[4],"open":[{"start":"1200","end":"1500"},{"start":"1800","end":"2200"}],"segments":[]},{"days":[5],"open":[{"start":"0900","end":"1400"},{"start":"1800","end":"2200"}],"segments":[]},{"days":[6,7],"open":[{"start":"0900","end":"2100"}],"segments":[]},{"days":[1],"open":[{"start":"1100","end":"1400"},{"start":"1600","end":"2000"}],"segments":[]},{"days":[2],"open":[{"start":"1100","end":"1300"},{"start":"1800","end":"2100"}],"segments":[]}]}}}