{"meta":{"code":200,"requestId":"5876aa62dd57977ca3730850"},"response":{"hours":{"timeframes":[{"days":[1,2,3,4,5],"includesToday":true,"open":[{"start":"0430","end":"2100"}],"segments":[]},{"days":[6,7],"open":[{"start":"0500","end":"2100"}],"segments":[]}]},"popular":{"timeframes":[{"days":[3],"includesToday":true,"open":[{"start":"0600","end":"1000"},{"start":"1300","end":"1400"}],"segments":[]},{"days":[4],"open":[{"start":"0600","end":"0900"},{"start":"1100","end":"1400"}],"segments":[]},{"days":[5],"open":[{"start":"0600","end":"1000"},{"start":"1500","end":"1600"},{"start":"1800","end":"1900"}],"segments":[]},{"days":[6],"open":[{"start":"0600","end":"1500"}],"segments":[]},{"days":[7],"open":[{"start":"0600","end":"1200"}],"segments":[]},{"days":[1],"open":[{"start":"0600","end":"1000"},{"start":"1200","end":"1400"}],"segments":[]},{"days":[2],"open":[{"start":"0600","end":"1000"},{"start":"1200","end":"1300"},{"start":"1900","end":"2000"}],"segments":[]}]}}}