{"meta":{"code":200,"requestId":"5876a70a351e3d340705a1f3"},"response":{"hours":{"timeframes":[{"days":[1,2,3,4,7],"includesToday":true,"open":[{"start":"1130","end":"2130"}],"segments":[]},{"days":[5,6],"open":[{"start":"1130","end":"2230"}],"segments":[]}]},"popular":{"timeframes":[{"days":[3],"includesToday":true,"open":[{"start":"1800","end":"2200"}],"segments":[]},{"days":[4],"open":[{"start":"1800","end":"2300"}],"segments":[]},{"days":[5],"open":[{"start":"1200","end":"1300"},{"start":"1700","end":"+0000"}],"segments":[]},{"days":[6],"open":[{"start":"1300","end":"1400"},{"start":"1700","end":"+0000"}],"segments":[]},{"days":[7],"open":[{"start":"1600","end":"2200"}],"segments":[]},{"days":[1],"open":[{"start":"1800","end":"2100"}],"segments":[]},{"days":[2],"open":[{"start":"1800","end":"2200"}],"segments":[]}]}}}