{"meta":{"code":200,"requestId":"5876a34e6a60717ae61943dc"},"response":{"hours":{"timeframes":[{"days":[1,2,3,7],"includesToday":true,"open":[{"start":"1030","end":"2100"}],"segments":[]},{"days":[4,5,6],"open":[{"start":"1030","end":"2200"}],"segments":[]}]},"popular":{"timeframes":[{"days":[3],"includesToday":true,"open":[{"start":"1100","end":"2100"}],"segments":[]},{"days":[4],"open":[{"start":"1100","end":"2100"}],"segments":[]},{"days":[5],"open":[{"start":"1100","end":"2200"}],"segments":[]},{"days":[6],"open":[{"start":"1100","end":"2100"}],"segments":[]},{"days":[7],"open":[{"start":"1100","end":"2000"}],"segments":[]},{"days":[1,2],"open":[{"start":"1100","end":"2100"}],"segments":[]}]}}}