{"meta":{"code":200,"requestId":"5876aa3d6a60717ae83a0a7d"},"response":{"hours":{"timeframes":[{"days":[1,2,3,4,5],"includesToday":true,"open":[{"start":"0500","end":"2100"}],"segments":[]},{"days":[6],"open":[{"start":"0530","end":"2100"}],"segments":[]},{"days":[7],"open":[{"start":"0600","end":"2000"}],"segments":[]}]},"popular":{"timeframes":[{"days":[3],"includesToday":true,"open":[{"start":"0700","end":"1100"},{"start":"1400","end":"1600"}],"segments":[]},{"days":[4],"open":[{"start":"0600","end":"1200"},{"start":"1400","end":"1600"},{"start":"1800","end":"1900"}],"segments":[]},{"days":[5],"open":[{"start":"0700","end":"1900"}],"segments":[]},{"days":[6],"open":[{"start":"0800","end":"1700"}],"segments":[]},{"days":[7],"open":[{"start":"0700","end":"1700"}],"segments":[]},{"days":[1],"open":[{"start":"0800","end":"1700"}],"segments":[]},{"days":[2],"open":[{"start":"0700","end":"1700"}],"segments":[]}]}}}