{"meta":{"code":200,"requestId":"5876a06fdb04f5404214f1f8"},"response":{"hours":{"timeframes":[{"days":[1,2,3,4,5,6,7],"includesToday":true,"open":[{"start":"0000","end":"+0000"}],"segments":[]}]},"popular":{"timeframes":[{"days":[3],"includesToday":true,"open":[{"start":"1000","end":"1400"},{"start":"1800","end":"1900"}],"segments":[]},{"days":[4],"open":[{"start":"0700","end":"1300"}],"segments":[]},{"days":[5],"open":[{"start":"0700","end":"1200"},{"start":"1900","end":"2100"}],"segments":[]},{"days":[6],"open":[{"start":"0000","end":"+0300"}],"segments":[]},{"days":[7],"open":[{"start":"0700","end":"1400"},{"start":"1900","end":"2000"}],"segments":[]},{"days":[1],"open":[{"start":"0600","end":"0800"},{"start":"1000","end":"1100"},{"start":"1300","end":"1400"},{"start":"2000","end":"2300"}],"segments":[]},{"days":[2],"open":[{"start":"0700","end":"1000"}],"segments":[]}]}}}