{"meta":{"code":200,"requestId":"58769e594c1f6740e8f020b3"},"response":{"hours":{"timeframes":[{"days":[1,2,3,4,5,6,7],"includesToday":true,"open":[{"start":"1030","end":"2230"}],"segments":[]}]},"popular":{"timeframes":[{"days":[3],"includesToday":true,"open":[{"start":"0700","end":"0900"},{"start":"1100","end":"1800"},{"start":"2000","end":"2200"}],"segments":[]},{"days":[4],"open":[{"start":"0700","end":"0900"},{"start":"1200","end":"1300"},{"start":"1600","end":"2200"}],"segments":[]},{"days":[5],"open":[{"start":"1200","end":"1800"},{"start":"2000","end":"2100"}],"segments":[]},{"days":[6],"open":[{"start":"1200","end":"1300"},{"start":"1700","end":"2200"}],"segments":[]},{"days":[7],"open":[{"start":"1200","end":"2200"}],"segments":[]},{"days":[1],"open":[{"start":"0700","end":"0800"},{"start":"1100","end":"2100"}],"segments":[]},{"days":[2],"open":[{"start":"0700","end":"0800"},{"start":"1200","end":"2000"}],"segments":[]}]}}}