{"meta":{"code":200,"requestId":"5876a5f7351e3d3407fe7bf3"},"response":{"hours":{"timeframes":[{"days":[2,3,4,5,6],"includesToday":true,"open":[{"start":"1700","end":"2200"}],"segments":[]},{"days":[7],"open":[{"start":"1700","end":"2100"}],"segments":[]}]},"popular":{"timeframes":[{"days":[3],"includesToday":true,"open":[{"start":"1700","end":"2100"}],"segments":[]},{"days":[4,5,6],"open":[{"start":"1700","end":"2200"}],"segments":[]},{"days":[7],"open":[{"start":"1600","end":"2100"}],"segments":[]},{"days":[1],"open":[],"segments":[]},{"days":[2],"open":[{"start":"1700","end":"2100"}],"segments":[]}]}}}