{"meta":{"code":200,"requestId":"5876a502dd57977cba878e65"},"response":{"hours":{"timeframes":[{"days":[2,3,4,5,6],"includesToday":true,"open":[{"start":"1700","end":"+0000"}],"segments":[]},{"days":[7],"open":[{"start":"1000","end":"2100"}],"segments":[]}]},"popular":{"timeframes":[{"days":[3],"includesToday":true,"open":[{"start":"1600","end":"2100"}],"segments":[]},{"days":[4,5],"open":[{"start":"1700","end":"2200"}],"segments":[]},{"days":[6],"open":[{"start":"1600","end":"2200"}],"segments":[]},{"days":[7],"open":[{"start":"1000","end":"1400"},{"start":"1700","end":"2100"}],"segments":[]},{"days":[1],"open":[{"start":"1800","end":"1900"}],"segments":[]},{"days":[2],"open":[{"start":"1600","end":"2100"}],"segments":[]}]}}}