{"meta":{"code":200,"requestId":"58769d8b4c1f67411c9c3eed"},"response":{"hours":{"timeframes":[{"days":[1,2,3,4,5,6],"includesToday":true,"open":[{"start":"1100","end":"2200"}],"segments":[]},{"days":[7],"open":[{"start":"1100","end":"2100"}],"segments":[]}]},"popular":{"timeframes":[{"days":[3],"includesToday":true,"open":[{"start":"1100","end":"1300"},{"start":"1600","end":"2100"}],"segments":[]},{"days":[4],"open":[{"start":"1100","end":"1300"},{"start":"1500","end":"2100"}],"segments":[]},{"days":[5],"open":[{"start":"1100","end":"2200"}],"segments":[]},{"days":[6],"open":[{"start":"1200","end":"1500"},{"start":"1800","end":"2100"}],"segments":[]},{"days":[7],"open":[{"start":"1400","end":"1500"},{"start":"1700","end":"2000"}],"segments":[]},{"days":[1],"open":[{"start":"1100","end":"1300"},{"start":"1700","end":"2100"}],"segments":[]},{"days":[2],"open":[{"start":"1100","end":"1300"},{"start":"1600","end":"2100"}],"segments":[]}]}}}