{"meta":{"code":200,"requestId":"5876a3b06a60717ae61beb59"},"response":{"hours":{},"popular":{"timeframes":[{"days":[3],"includesToday":true,"open":[{"start":"1800","end":"2200"}],"segments":[]},{"days":[4],"open":[{"start":"1700","end":"+0000"}],"segments":[]},{"days":[5],"open":[{"start":"1700","end":"+0200"}],"segments":[]},{"days":[6],"open":[{"start":"1300","end":"+0200"}],"segments":[]},{"days":[7],"open":[{"start":"1300","end":"2000"}],"segments":[]},{"days":[1],"open":[{"start":"1700","end":"2300"}],"segments":[]},{"days":[2],"open":[{"start":"1700","end":"2200"}],"segments":[]}]}}}