{"meta":{"code":200,"requestId":"5876aa544c1f674102e84876"},"response":{"hours":{"timeframes":[{"days":[1,2,3,4,5,6,7],"includesToday":true,"open":[{"start":"0500","end":"2130"}],"segments":[]}]},"popular":{"timeframes":[{"days":[3],"includesToday":true,"open":[{"start":"0500","end":"1200"},{"start":"1500","end":"1800"}],"segments":[]},{"days":[4],"open":[{"start":"0500","end":"1200"}],"segments":[]},{"days":[5],"open":[{"start":"0500","end":"1500"}],"segments":[]},{"days":[6],"open":[{"start":"0500","end":"1200"}],"segments":[]},{"days":[7],"open":[{"start":"0700","end":"1500"},{"start":"1700","end":"1800"}],"segments":[]},{"days":[1],"open":[{"start":"0500","end":"1600"},{"start":"1800","end":"1900"}],"segments":[]},{"days":[2],"open":[{"start":"0500","end":"1300"},{"start":"1800","end":"1900"}],"segments":[]}]}}}