{"meta":{"code":200,"requestId":"5876a7b04c1f6740ce8ef94c"},"response":{"hours":{"timeframes":[{"days":[1,2,3,4,5],"includesToday":true,"open":[{"start":"0430","end":"2030"}],"segments":[]},{"days":[6],"open":[{"start":"0500","end":"2030"}],"segments":[]},{"days":[7],"open":[{"start":"0500","end":"2000"}],"segments":[]}]},"popular":{"timeframes":[{"days":[3],"includesToday":true,"open":[{"start":"0500","end":"1500"},{"start":"1700","end":"1800"}],"segments":[]},{"days":[4],"open":[{"start":"0600","end":"1400"}],"segments":[]},{"days":[5],"open":[{"start":"0600","end":"1400"},{"start":"1600","end":"1700"}],"segments":[]},{"days":[6],"open":[{"start":"0700","end":"1700"}],"segments":[]},{"days":[7],"open":[{"start":"0700","end":"1500"}],"segments":[]},{"days":[1],"open":[{"start":"0600","end":"1200"}],"segments":[]},{"days":[2],"open":[{"start":"0600","end":"1000"},{"start":"1200","end":"1300"}],"segments":[]}]}}}