{"meta":{"code":200,"requestId":"5876aace1ed21954aad69913"},"response":{"hours":{},"popular":{"timeframes":[{"days":[3],"includesToday":true,"open":[{"start":"0800","end":"1200"},{"start":"1400","end":"2300"}],"segments":[]},{"days":[4],"open":[{"start":"0800","end":"1400"},{"start":"2100","end":"2200"}],"segments":[]},{"days":[5],"open":[{"start":"0900","end":"1300"},{"start":"1700","end":"1900"}],"segments":[]},{"days":[6],"open":[{"start":"0800","end":"1500"},{"start":"2000","end":"2300"}],"segments":[]},{"days":[7],"open":[{"start":"0900","end":"1500"}],"segments":[]},{"days":[1],"open":[{"start":"0700","end":"1200"},{"start":"2000","end":"2100"}],"segments":[]},{"days":[2],"open":[{"start":"0900","end":"1100"},{"start":"1800","end":"1900"},{"start":"2100","end":"2200"}],"segments":[]}]}}}