{"meta":{"code":200,"requestId":"5876a78fdd57977cd47c2454"},"response":{"hours":{"timeframes":[{"days":[1,2,3,4],"includesToday":true,"open":[{"start":"1130","end":"+0200"}],"segments":[{"start":"1130","end":"2200","label":"Full menu"},{"start":"2200","end":"2300","label":"Late night"}]},{"days":[5],"open":[{"start":"1130","end":"+0200"}],"segments":[{"start":"1130","end":"2200","label":"Full menu"},{"start":"2200","end":"+0000","label":"Late night"}]},{"days":[6],"open":[{"start":"1200","end":"+0200"}],"segments":[{"start":"1200","end":"2200","label":"Full menu"},{"start":"2200","end":"+0000","label":"Late night"}]},{"days":[7],"open":[{"start":"1000","end":"+0200"}],"segments":[{"start":"1000","end":"1500","label":"Brunch"},{"start":"1000","end":"2200","label":"Full menu"},{"start":"2200","end":"2300","label":"Late night"}]}]},"popular":{"timeframes":[{"days":[3],"includesToday":true,"open":[{"start":"1700","end":"2300"}],"segments":[]},{"days":[4],"open":[{"start":"1700","end":"2300"}],"segments":[]},{"days":[5,6],"open":[{"start":"1200","end":"+0100"}],"segments":[]},{"days":[7],"open":[{"start":"1000","end":"2100"}],"segments":[]},{"days":[1],"open":[{"start":"1300","end":"1400"},{"start":"1700","end":"2200"}],"segments":[]},{"days":[2],"open":[{"start":"1700","end":"2300"}],"segments":[]}]}}}