{"meta":{"code":200,"requestId":"5876a3a2f594df7564c14076"},"response":{"hours":{"timeframes":[{"days":[1,2,3,4,5],"includesToday":true,"open":[{"start":"0600","end":"1800"}],"segments":[]},{"days":[6,7],"open":[{"start":"0700","end":"1800"}],"segments":[]}]},"popular":{"timeframes":[{"days":[3],"includesToday":true,"open":[{"start":"0600","end":"1500"}],"segments":[]},{"days":[4],"open":[{"start":"0600","end":"1600"}],"segments":[]},{"days":[5],"open":[{"start":"0600","end":"1200"}],"segments":[]},{"days":[6],"open":[{"start":"0700","end":"1300"},{"start":"1500","end":"1700"}],"segments":[]},{"days":[7],"open":[{"start":"0900","end":"1600"}],"segments":[]},{"days":[1],"open":[{"start":"0600","end":"1000"},{"start":"1300","end":"1600"}],"segments":[]},{"days":[2],"open":[{"start":"0600","end":"1700"}],"segments":[]}]}}}