{"meta":{"code":200,"requestId":"58769e85351e3d3407ca121a"},"response":{"hours":{},"popular":{"timeframes":[{"days":[3],"includesToday":true,"open":[{"start":"1400","end":"2200"}],"segments":[]},{"days":[4],"open":[{"start":"1500","end":"2200"}],"segments":[]},{"days":[5],"open":[{"start":"1200","end":"1300"},{"start":"1600","end":"2300"}],"segments":[]},{"days":[6],"open":[{"start":"1100","end":"2300"}],"segments":[]},{"days":[7],"open":[{"start":"1300","end":"2200"}],"segments":[]},{"days":[1],"open":[{"start":"1400","end":"2200"}],"segments":[]},{"days":[2],"open":[{"start":"1700","end":"2200"}],"segments":[]}]}}}