{"meta":{"code":200,"requestId":"5876a1294c1f67411cb6b0b3"},"response":{"hours":{"timeframes":[{"days":[1,2,3,4],"includesToday":true,"open":[{"start":"0700","end":"+0300"}],"segments":[]},{"days":[5,6],"open":[{"start":"0700","end":"+0330"}],"segments":[]},{"days":[7],"open":[{"start":"0700","end":"+0100"}],"segments":[]}]},"popular":{"timeframes":[{"days":[3],"includesToday":true,"open":[{"start":"1100","end":"+0000"}],"segments":[]},{"days":[4],"open":[{"start":"1200","end":"2000"},{"start":"2200","end":"2300"}],"segments":[]},{"days":[5],"open":[{"start":"1100","end":"1500"},{"start":"1800","end":"2200"}],"segments":[]},{"days":[6],"open":[{"start":"0100","end":"+0200"}],"segments":[]},{"days":[7],"open":[{"start":"1200","end":"2200"}],"segments":[]},{"days":[1],"open":[{"start":"1200","end":"2100"}],"segments":[]},{"days":[2],"open":[{"start":"1100","end":"1600"},{"start":"1800","end":"2200"}],"segments":[]}]}}}