{"meta":{"code":200,"requestId":"5876a4e16a60717ae7d39118"},"response":{"hours":{},"popular":{"timeframes":[{"days":[3],"includesToday":true,"open":[{"start":"1100","end":"1200"},{"start":"1400","end":"1700"},{"start":"1900","end":"2100"}],"segments":[]},{"days":[4],"open":[{"start":"1300","end":"2200"}],"segments":[]},{"days":[5],"open":[{"start":"1200","end":"2200"}],"segments":[]},{"days":[6],"open":[{"start":"1000","end":"1100"},{"start":"1400","end":"2200"}],"segments":[]},{"days":[7],"open":[{"start":"1300","end":"2200"}],"segments":[]},{"days":[1],"open":[{"start":"1300","end":"2100"}],"segments":[]},{"days":[2],"open":[{"start":"1400","end":"2100"}],"segments":[]}]}}}