{"meta":{"code":200,"requestId":"5876a228f594df7549af6049"},"response":{"hours":{"timeframes":[{"days":[1,2,3,4,5,6,7],"includesToday":true,"open":[{"start":"0800","end":"2000"}],"segments":[]}]},"popular":{"timeframes":[{"days":[3],"includesToday":true,"open":[{"start":"1100","end":"1600"}],"segments":[]},{"days":[4],"open":[{"start":"1100","end":"1500"}],"segments":[]},{"days":[5,6],"open":[{"start":"1100","end":"1600"}],"segments":[]},{"days":[7],"open":[{"start":"1100","end":"1500"}],"segments":[]},{"days":[1,2],"open":[{"start":"1100","end":"1500"}],"segments":[]}]}}}