{"meta":{"code":200,"requestId":"5876a98bdb04f540410ee23e"},"response":{"hours":{"timeframes":[{"days":[1,2,3,4,5,6,7],"includesToday":true,"open":[{"start":"0000","end":"+0000"}],"segments":[]}]},"popular":{"timeframes":[{"days":[3],"includesToday":true,"open":[{"start":"1000","end":"1200"},{"start":"1700","end":"2100"}],"segments":[]},{"days":[4],"open":[{"start":"0900","end":"1000"},{"start":"1800","end":"2200"}],"segments":[]},{"days":[5],"open":[{"start":"0900","end":"1100"},{"start":"1800","end":"+0300"}],"segments":[]},{"days":[6],"open":[{"start":"0800","end":"+0400"}],"segments":[]},{"days":[7],"open":[{"start":"0800","end":"1600"},{"start":"1800","end":"2200"}],"segments":[]},{"days":[1],"open":[{"start":"1000","end":"1100"},{"start":"2000","end":"2100"}],"segments":[]},{"days":[2],"open":[{"start":"0900","end":"1300"},{"start":"2000","end":"2300"}],"segments":[]}]}}}