{"meta":{"code":200,"requestId":"5876aa51dd57977ca372a032"},"response":{"hours":{"timeframes":[{"days":[1,2,3,4,5,6],"includesToday":true,"open":[{"start":"1100","end":"+0000"}],"segments":[]},{"days":[7],"open":[{"start":"1100","end":"2200"}],"segments":[]}]},"popular":{"timeframes":[{"days":[3],"includesToday":true,"open":[{"start":"0800","end":"2000"}],"segments":[]},{"days":[4],"open":[{"start":"0900","end":"2000"}],"segments":[]},{"days":[5],"open":[{"start":"0700","end":"2100"}],"segments":[]},{"days":[6],"open":[{"start":"0900","end":"2000"}],"segments":[]},{"days":[7],"open":[{"start":"0900","end":"2100"}],"segments":[]},{"days":[1],"open":[{"start":"0900","end":"2000"}],"segments":[]},{"days":[2],"open":[{"start":"0900","end":"1900"}],"segments":[]}]}}}