{"meta":{"code":200,"requestId":"5876a54d1ed21954ab7bb5c0"},"response":{"hours":{},"popular":{"timeframes":[{"days":[3],"includesToday":true,"open":[{"start":"1100","end":"2100"}],"segments":[]},{"days":[4],"open":[{"start":"1200","end":"2100"},{"start":"2300","end":"+0000"}],"segments":[]},{"days":[5],"open":[{"start":"1100","end":"+0000"}],"segments":[]},{"days":[6],"open":[{"start":"1200","end":"2300"}],"segments":[]},{"days":[7],"open":[{"start":"1100","end":"2100"}],"segments":[]},{"days":[1],"open":[{"start":"1100","end":"2200"}],"segments":[]},{"days":[2],"open":[{"start":"1100","end":"2300"}],"segments":[]}]}}}