{"meta":{"code":200,"requestId":"58769f884434b938cac44bb0"},"response":{"hours":{"timeframes":[{"days":[1,3,4,5],"includesToday":true,"open":[{"start":"1100","end":"2130"}],"segments":[]},{"days":[6],"open":[{"start":"1200","end":"2130"}],"segments":[]},{"days":[7],"open":[{"start":"1200","end":"2100"}],"segments":[]}]},"popular":{"timeframes":[{"days":[3],"includesToday":true,"open":[{"start":"1200","end":"2100"}],"segments":[]},{"days":[4,5],"open":[{"start":"1100","end":"2100"}],"segments":[]},{"days":[6,7],"open":[{"start":"1200","end":"2100"}],"segments":[]},{"days":[1],"open":[{"start":"1200","end":"2100"}],"segments":[]},{"days":[2],"open":[{"start":"1200","end":"1300"},{"start":"1700","end":"1800"}],"segments":[]}]}}}