{"meta":{"code":200,"requestId":"5876a507f594df75b222853c"},"response":{"hours":{"timeframes":[{"days":[1,2,3,4,7],"includesToday":true,"open":[{"start":"1730","end":"2100"}],"segments":[]},{"days":[5,6],"open":[{"start":"1730","end":"2200"}],"segments":[]}]},"popular":{"timeframes":[{"days":[3],"includesToday":true,"open":[{"start":"1900","end":"2100"}],"segments":[]},{"days":[4],"open":[{"start":"1800","end":"2200"}],"segments":[]},{"days":[5,6],"open":[{"start":"1700","end":"2200"}],"segments":[]},{"days":[7],"open":[{"start":"1700","end":"2100"}],"segments":[]},{"days":[1],"open":[{"start":"1900","end":"2000"}],"segments":[]},{"days":[2],"open":[{"start":"1800","end":"2100"}],"segments":[]}]}}}