{"meta":{"code":200,"requestId":"58769ced351e3d340560a2f1"},"response":{"hours":{"timeframes":[{"days":[1,2,3,4,5],"includesToday":true,"open":[{"start":"1100","end":"+0200"}],"segments":[]},{"days":[6,7],"open":[{"start":"1000","end":"+0200"}],"segments":[]}]},"popular":{"timeframes":[{"days":[3],"includesToday":true,"open":[{"start":"1600","end":"2100"}],"segments":[]},{"days":[4],"open":[{"start":"1500","end":"+0000"}],"segments":[]},{"days":[5],"open":[{"start":"1200","end":"1300"},{"start":"1500","end":"+0100"}],"segments":[]},{"days":[6],"open":[{"start":"1100","end":"+0100"}],"segments":[]},{"days":[7],"open":[{"start":"1000","end":"1500"},{"start":"1700","end":"2000"}],"segments":[]},{"days":[1],"open":[{"start":"1600","end":"1900"}],"segments":[]},{"days":[2],"open":[{"start":"1600","end":"2100"}],"segments":[]}]}}}