{"meta":{"code":200,"requestId":"5876a58e9fb6b71b46b0e7b8"},"response":{"hours":{"timeframes":[{"days":[1,2,3,4,5,6,7],"includesToday":true,"open":[{"start":"0600","end":"1500"},{"start":"1730","end":"2200"}],"segments":[]}]},"popular":{"timeframes":[{"days":[3],"includesToday":true,"open":[{"start":"0500","end":"1400"},{"start":"1700","end":"1800"},{"start":"2000","end":"2100"}],"segments":[]},{"days":[4],"open":[{"start":"0500","end":"1400"},{"start":"1900","end":"2100"}],"segments":[]},{"days":[5],"open":[{"start":"0600","end":"0700"},{"start":"0900","end":"1400"},{"start":"1800","end":"2200"}],"segments":[]},{"days":[6],"open":[{"start":"0800","end":"1500"},{"start":"1800","end":"2200"}],"segments":[]},{"days":[7],"open":[{"start":"0700","end":"1400"},{"start":"2000","end":"2100"}],"segments":[]},{"days":[1],"open":[{"start":"0500","end":"1100"},{"start":"1300","end":"1400"},{"start":"1800","end":"2000"}],"segments":[]},{"days":[2],"open":[{"start":"0500","end":"1400"},{"start":"1800","end":"2200"}],"segments":[]}]}}}