{"meta":{"code":200,"requestId":"5876aa6b4434b9389450729e"},"response":{"hours":{"timeframes":[{"days":[1,2,3,4,5,6,7],"includesToday":true,"open":[{"start":"0400","end":"+0400"}],"segments":[]}]},"popular":{"timeframes":[{"days":[3],"includesToday":true,"open":[],"segments":[]},{"days":[4],"open":[{"start":"1000","end":"1100"},{"start":"1300","end":"1500"}],"segments":[]},{"days":[5],"open":[{"start":"0800","end":"1200"},{"start":"2200","end":"2300"}],"segments":[]},{"days":[6],"open":[{"start":"0100","end":"+0400"}],"segments":[]},{"days":[7],"open":[{"start":"0600","end":"1500"},{"start":"2300","end":"+0000"}],"segments":[]},{"days":[1],"open":[{"start":"0800","end":"1300"},{"start":"2200","end":"2300"}],"segments":[]},{"days":[2],"open":[{"start":"1000","end":"1300"},{"start":"1900","end":"2000"},{"start":"2200","end":"+0000"}],"segments":[]}]}}}