{"meta":{"code":200,"requestId":"58769dbc351e3d3402408738"},"response":{"hours":{"timeframes":[{"days":[1,2,3,4,5],"includesToday":true,"open":[{"start":"0700","end":"2200"}],"segments":[]},{"days":[6],"open":[{"start":"0800","end":"2200"}],"segments":[]},{"days":[7],"open":[{"start":"0900","end":"2100"}],"segments":[]}]},"popular":{"timeframes":[{"days":[3],"includesToday":true,"open":[{"start":"1100","end":"2100"}],"segments":[]},{"days":[4],"open":[{"start":"1100","end":"2200"}],"segments":[]},{"days":[5],"open":[{"start":"1000","end":"2200"}],"segments":[]},{"days":[6],"open":[{"start":"0800","end":"0900"},{"start":"1100","end":"1600"},{"start":"1800","end":"1900"},{"start":"2100","end":"2200"}],"segments":[]},{"days":[7],"open":[{"start":"1100","end":"1600"},{"start":"1800","end":"1900"}],"segments":[]},{"days":[1],"open":[{"start":"1100","end":"2100"}],"segments":[]},{"days":[2],"open":[{"start":"1200","end":"2100"}],"segments":[]}]}}}