{"meta":{"code":200,"requestId":"5876a8f64434b93894474885"},"response":{"hours":{"timeframes":[{"days":[1,2,3,4,5],"includesToday":true,"open":[{"start":"0430","end":"2100"}],"segments":[]},{"days":[6,7],"open":[{"start":"0500","end":"2100"}],"segments":[]}]},"popular":{"timeframes":[{"days":[3],"includesToday":true,"open":[{"start":"0700","end":"1200"}],"segments":[]},{"days":[4],"open":[{"start":"0600","end":"1000"},{"start":"1700","end":"1800"}],"segments":[]},{"days":[5],"open":[{"start":"0600","end":"1100"}],"segments":[]},{"days":[6],"open":[{"start":"0700","end":"1200"}],"segments":[]},{"days":[7],"open":[{"start":"0800","end":"1200"}],"segments":[]},{"days":[1],"open":[{"start":"0600","end":"1100"}],"segments":[]},{"days":[2],"open":[{"start":"0600","end":"1000"}],"segments":[]}]}}}