{"meta":{"code":200,"requestId":"58769e1e4c1f67410294a4b3"},"response":{"hours":{"timeframes":[{"days":[1,2,3,4,5],"includesToday":true,"open":[{"start":"0430","end":"2230"}],"segments":[]},{"days":[6,7],"open":[{"start":"0500","end":"2230"}],"segments":[]}]},"popular":{"timeframes":[{"days":[3],"includesToday":true,"open":[{"start":"0600","end":"1400"}],"segments":[]},{"days":[4],"open":[{"start":"0600","end":"1400"}],"segments":[]},{"days":[5],"open":[{"start":"0600","end":"1700"},{"start":"1900","end":"2000"}],"segments":[]},{"days":[6],"open":[{"start":"0800","end":"1700"}],"segments":[]},{"days":[7],"open":[{"start":"0700","end":"1800"}],"segments":[]},{"days":[1],"open":[{"start":"0600","end":"2000"}],"segments":[]},{"days":[2],"open":[{"start":"0600","end":"1300"}],"segments":[]}]}}}