{"meta":{"code":200,"requestId":"58769db59fb6b71b2009d604"},"response":{"hours":{},"popular":{"timeframes":[{"days":[3],"includesToday":true,"open":[{"start":"1700","end":"2100"}],"segments":[]},{"days":[4],"open":[{"start":"1600","end":"2100"}],"segments":[]},{"days":[5],"open":[{"start":"1200","end":"2200"}],"segments":[]},{"days":[6],"open":[{"start":"1200","end":"2100"}],"segments":[]},{"days":[7],"open":[{"start":"1100","end":"2100"}],"segments":[]},{"days":[1],"open":[{"start":"1200","end":"1300"},{"start":"1600","end":"2100"}],"segments":[]},{"days":[2],"open":[{"start":"1200","end":"1300"},{"start":"1700","end":"2100"}],"segments":[]}]}}}