{"meta":{"code":200,"requestId":"5876a82f4c1f674102daaa0c"},"response":{"hours":{"timeframes":[{"days":[1,2,3,4,5,6],"includesToday":true,"open":[{"start":"0430","end":"2200"}],"segments":[]},{"days":[7],"open":[{"start":"0500","end":"2100"}],"segments":[]}]},"popular":{"timeframes":[{"days":[3],"includesToday":true,"open":[{"start":"0600","end":"1100"},{"start":"1600","end":"1900"}],"segments":[]},{"days":[4],"open":[{"start":"0600","end":"1000"},{"start":"1500","end":"1600"}],"segments":[]},{"days":[5],"open":[{"start":"0600","end":"1100"},{"start":"1300","end":"1600"}],"segments":[]},{"days":[6],"open":[{"start":"0700","end":"1700"}],"segments":[]},{"days":[7],"open":[{"start":"0800","end":"1600"}],"segments":[]},{"days":[1],"open":[{"start":"0600","end":"1100"},{"start":"1400","end":"1500"}],"segments":[]},{"days":[2],"open":[{"start":"0600","end":"1100"},{"start":"1800","end":"1900"}],"segments":[]}]}}}