{"meta":{"code":200,"requestId":"5876a85e9fb6b71b22b69c14"},"response":{"hours":{"timeframes":[{"days":[2,3,4,5,6],"includesToday":true,"open":[{"start":"1100","end":"2200"}],"segments":[]},{"days":[7],"open":[{"start":"1200","end":"2100"}],"segments":[]}]},"popular":{"timeframes":[{"days":[3],"includesToday":true,"open":[{"start":"1100","end":"1300"},{"start":"1700","end":"2200"}],"segments":[]},{"days":[4],"open":[{"start":"1200","end":"1400"},{"start":"1800","end":"2000"}],"segments":[]},{"days":[5],"open":[{"start":"1200","end":"1300"},{"start":"1700","end":"2100"}],"segments":[]},{"days":[6,7],"open":[{"start":"1200","end":"2100"}],"segments":[]},{"days":[1],"open":[],"segments":[]},{"days":[2],"open":[{"start":"1200","end":"1300"},{"start":"1500","end":"2100"}],"segments":[]}]}}}