{"meta":{"code":200,"requestId":"5876aa3b9fb6b71b833618a8"},"response":{"hours":{},"popular":{"timeframes":[{"days":[3],"includesToday":true,"open":[{"start":"0800","end":"0900"},{"start":"1100","end":"1300"},{"start":"1500","end":"1900"}],"segments":[]},{"days":[4],"open":[{"start":"1100","end":"2100"}],"segments":[]},{"days":[5],"open":[{"start":"0900","end":"2100"}],"segments":[]},{"days":[6],"open":[{"start":"0900","end":"2000"}],"segments":[]},{"days":[7],"open":[{"start":"0900","end":"1600"},{"start":"1800","end":"1900"}],"segments":[]},{"days":[1],"open":[{"start":"1200","end":"2100"}],"segments":[]},{"days":[2],"open":[{"start":"0900","end":"1000"},{"start":"1200","end":"2100"}],"segments":[]}]}}}