{"meta":{"code":200,"requestId":"58769da4351e3d34056603f5"},"response":{"hours":{"timeframes":[{"days":[2,3,4,7],"includesToday":true,"open":[{"start":"1100","end":"2330"}],"segments":[]},{"days":[5,6],"open":[{"start":"1100","end":"+0130"}],"segments":[]}]},"popular":{"timeframes":[{"days":[3],"includesToday":true,"open":[{"start":"1300","end":"1400"},{"start":"1700","end":"2000"},{"start":"2200","end":"+0100"}],"segments":[]},{"days":[4],"open":[{"start":"0900","end":"1000"},{"start":"1200","end":"1300"},{"start":"1600","end":"2000"},{"start":"2200","end":"2300"}],"segments":[]},{"days":[5],"open":[{"start":"1100","end":"1400"},{"start":"1700","end":"+0100"}],"segments":[]},{"days":[6],"open":[{"start":"0800","end":"0900"},{"start":"1200","end":"1900"}],"segments":[]},{"days":[7],"open":[{"start":"0000","end":"+0100"}],"segments":[]},{"days":[1],"open":[{"start":"1200","end":"1500"}],"segments":[]},{"days":[2],"open":[{"start":"0000","end":"+0100"}],"segments":[]}]}}}