{"meta":{"code":200,"requestId":"58769ecfdd57977cba5bade1"},"response":{"hours":{"timeframes":[{"days":[1,2,3,4,5,6,7],"includesToday":true,"open":[{"start":"0000","end":"+0000"}],"segments":[]}]},"popular":{"timeframes":[{"days":[3],"includesToday":true,"open":[{"start":"0800","end":"1200"},{"start":"2100","end":"+0100"}],"segments":[]},{"days":[4],"open":[{"start":"0900","end":"1000"},{"start":"2300","end":"+0400"}],"segments":[]},{"days":[5],"open":[{"start":"0800","end":"1200"},{"start":"1900","end":"2000"},{"start":"2200","end":"+0300"}],"segments":[]},{"days":[6],"open":[{"start":"0800","end":"1400"},{"start":"2100","end":"+0300"}],"segments":[]},{"days":[7],"open":[{"start":"0800","end":"1300"},{"start":"2200","end":"+0300"}],"segments":[]},{"days":[1],"open":[{"start":"1100","end":"1300"},{"start":"2100","end":"+0200"}],"segments":[]},{"days":[2],"open":[{"start":"0800","end":"1100"},{"start":"2100","end":"+0200"}],"segments":[]}]}}}