{"meta":{"code":200,"requestId":"5876a425351e3d3407f22d74"},"response":{"hours":{"timeframes":[{"days":[1,2,3,4],"includesToday":true,"open":[{"start":"0600","end":"2000"}],"segments":[]},{"days":[5,6],"open":[{"start":"0600","end":"2100"}],"segments":[]},{"days":[7],"open":[{"start":"0630","end":"2100"}],"segments":[]}]},"popular":{"timeframes":[{"days":[3],"includesToday":true,"open":[{"start":"0600","end":"1100"},{"start":"1300","end":"1800"}],"segments":[]},{"days":[4],"open":[{"start":"0600","end":"1700"}],"segments":[]},{"days":[5],"open":[{"start":"0600","end":"1600"}],"segments":[]},{"days":[6],"open":[{"start":"0800","end":"1800"}],"segments":[]},{"days":[7],"open":[{"start":"0800","end":"1900"}],"segments":[]},{"days":[1],"open":[{"start":"0600","end":"1900"}],"segments":[]},{"days":[2],"open":[{"start":"0600","end":"1800"}],"segments":[]}]}}}