{"meta":{"code":200,"requestId":"5876a2c56a60717ae7c5092d"},"response":{"hours":{"timeframes":[{"days":[1,2,3,4,5,6,7],"includesToday":true,"open":[{"start":"0900","end":"1600"}],"segments":[]}]},"popular":{"timeframes":[{"days":[3],"includesToday":true,"open":[{"start":"0700","end":"1500"}],"segments":[]},{"days":[4],"open":[{"start":"1100","end":"1500"}],"segments":[]},{"days":[5],"open":[{"start":"0700","end":"0800"},{"start":"1000","end":"1600"}],"segments":[]},{"days":[6],"open":[{"start":"0800","end":"1600"}],"segments":[]},{"days":[7],"open":[{"start":"0900","end":"1000"}],"segments":[]},{"days":[1],"open":[{"start":"0600","end":"1300"}],"segments":[]},{"days":[2],"open":[{"start":"0700","end":"0800"},{"start":"1000","end":"1600"}],"segments":[]}]}}}