{"meta":{"code":200,"requestId":"5876a1c9dd57977cd454bd3b"},"response":{"hours":{},"popular":{"timeframes":[{"days":[3],"includesToday":true,"open":[{"start":"0900","end":"1500"},{"start":"1700","end":"2100"}],"segments":[]},{"days":[4],"open":[{"start":"0700","end":"1400"}],"segments":[]},{"days":[5],"open":[{"start":"0800","end":"1500"},{"start":"1800","end":"2000"},{"start":"2200","end":"2300"}],"segments":[]},{"days":[6],"open":[{"start":"0800","end":"1600"}],"segments":[]},{"days":[7],"open":[{"start":"0700","end":"1400"}],"segments":[]},{"days":[1],"open":[{"start":"1100","end":"1300"},{"start":"1800","end":"2200"}],"segments":[]},{"days":[2],"open":[{"start":"1000","end":"1500"},{"start":"1700","end":"1900"},{"start":"2200","end":"2300"}],"segments":[]}]}}}