{"meta":{"code":200,"requestId":"5876a7d2351e3d3402870632"},"response":{"hours":{"timeframes":[{"days":[1],"open":[{"start":"0630","end":"2200"}],"segments":[]},{"days":[2,6],"open":[{"start":"0630","end":"2000"}],"segments":[]},{"days":[3],"includesToday":true,"open":[{"start":"0630","end":"2100"}],"segments":[]},{"days":[4],"open":[{"start":"0700","end":"1900"}],"segments":[]},{"days":[5],"open":[{"start":"0800","end":"2000"}],"segments":[]},{"days":[7],"open":[{"start":"0630","end":"1900"}],"segments":[]}]},"popular":{"timeframes":[{"days":[3],"includesToday":true,"open":[{"start":"0800","end":"1300"}],"segments":[]},{"days":[4],"open":[{"start":"0800","end":"1300"}],"segments":[]},{"days":[5],"open":[{"start":"0700","end":"1300"}],"segments":[]},{"days":[6],"open":[{"start":"0600","end":"1400"}],"segments":[]},{"days":[7],"open":[{"start":"0800","end":"1400"}],"segments":[]},{"days":[1],"open":[{"start":"0800","end":"1400"}],"segments":[]},{"days":[2],"open":[{"start":"0900","end":"1300"}],"segments":[]}]}}}