{"meta":{"code":200,"requestId":"5876a665db04f54041fa8806"},"response":{"hours":{"timeframes":[{"days":[1,2,3,4,5,6,7],"includesToday":true,"open":[{"start":"0500","end":"2200"}],"segments":[]}]},"popular":{"timeframes":[{"days":[3],"includesToday":true,"open":[{"start":"0600","end":"1200"},{"start":"1500","end":"1800"}],"segments":[]},{"days":[4],"open":[{"start":"0600","end":"1200"},{"start":"1400","end":"1600"}],"segments":[]},{"days":[5],"open":[{"start":"0600","end":"1800"}],"segments":[]},{"days":[6,7],"open":[{"start":"0700","end":"1600"}],"segments":[]},{"days":[1],"open":[{"start":"0600","end":"1800"}],"segments":[]},{"days":[2],"open":[{"start":"0600","end":"1600"}],"segments":[]}]}}}