{"meta":{"code":200,"requestId":"5876a0954434b938afcf834e"},"response":{"hours":{},"popular":{"timeframes":[{"days":[3],"includesToday":true,"open":[{"start":"1100","end":"1900"}],"segments":[]},{"days":[4],"open":[{"start":"1100","end":"1600"},{"start":"1800","end":"1900"}],"segments":[]},{"days":[5],"open":[{"start":"1100","end":"1500"},{"start":"1700","end":"2000"}],"segments":[]},{"days":[6,7],"open":[{"start":"1100","end":"2000"}],"segments":[]},{"days":[1],"open":[{"start":"1100","end":"2100"}],"segments":[]},{"days":[2],"open":[{"start":"1100","end":"1900"}],"segments":[]}]}}}