{"meta":{"code":200,"requestId":"5876a2d4f594df7564bba5d9"},"response":{"hours":{"timeframes":[{"days":[1,2,3,4,5],"includesToday":true,"open":[{"start":"0500","end":"1900"}],"segments":[]},{"days":[6,7],"open":[{"start":"0530","end":"1900"}],"segments":[]}]},"popular":{"timeframes":[{"days":[3],"includesToday":true,"open":[{"start":"0700","end":"1500"}],"segments":[]},{"days":[4],"open":[{"start":"0700","end":"1400"}],"segments":[]},{"days":[5],"open":[{"start":"0600","end":"1100"},{"start":"1300","end":"1500"}],"segments":[]},{"days":[6],"open":[{"start":"0800","end":"1500"}],"segments":[]},{"days":[7],"open":[{"start":"0900","end":"1400"}],"segments":[]},{"days":[1],"open":[{"start":"0700","end":"1100"},{"start":"1300","end":"1400"}],"segments":[]},{"days":[2],"open":[{"start":"0700","end":"1400"}],"segments":[]}]}}}