{"meta":{"code":200,"requestId":"5876a7141ed21954aabf25b2"},"response":{"hours":{"timeframes":[{"days":[1,2,3,4,5,6],"includesToday":true,"open":[{"start":"1000","end":"1800"}],"segments":[]}]},"popular":{"timeframes":[{"days":[3],"includesToday":true,"open":[{"start":"1000","end":"1800"}],"segments":[]},{"days":[4],"open":[{"start":"1000","end":"1800"}],"segments":[]},{"days":[5],"open":[{"start":"1200","end":"1800"}],"segments":[]},{"days":[6],"open":[{"start":"1000","end":"1800"}],"segments":[]},{"days":[7],"open":[],"segments":[]},{"days":[1],"open":[{"start":"1200","end":"1800"}],"segments":[]},{"days":[2],"open":[{"start":"1000","end":"1800"}],"segments":[]}]}}}