{"meta":{"code":200,"requestId":"5876a31c9fb6b71b231b7bd8"},"response":{"hours":{},"popular":{"timeframes":[{"days":[3],"includesToday":true,"open":[{"start":"0800","end":"1500"}],"segments":[]},{"days":[4],"open":[{"start":"0500","end":"0600"},{"start":"1000","end":"1300"}],"segments":[]},{"days":[5],"open":[{"start":"0700","end":"1400"},{"start":"1800","end":"1900"}],"segments":[]},{"days":[6],"open":[{"start":"0700","end":"1500"},{"start":"1800","end":"1900"}],"segments":[]},{"days":[7],"open":[{"start":"0800","end":"1500"}],"segments":[]},{"days":[1],"open":[{"start":"0900","end":"1300"}],"segments":[]},{"days":[2],"open":[{"start":"0500","end":"0600"},{"start":"0800","end":"1100"},{"start":"1300","end":"1400"},{"start":"2300","end":"+0000"}],"segments":[]}]}}}