{"meta":{"code":200,"requestId":"5876a77f351e3d3406a05f8b"},"response":{"hours":{},"popular":{"timeframes":[{"days":[3],"includesToday":true,"open":[{"start":"1000","end":"1900"}],"segments":[]},{"days":[4],"open":[{"start":"0600","end":"0700"},{"start":"1100","end":"+0000"}],"segments":[]},{"days":[5],"open":[{"start":"1200","end":"2200"}],"segments":[]},{"days":[6],"open":[{"start":"1100","end":"2200"}],"segments":[]},{"days":[7],"open":[{"start":"1000","end":"1900"}],"segments":[]},{"days":[1],"open":[{"start":"1100","end":"1400"},{"start":"1700","end":"2100"}],"segments":[]},{"days":[2],"open":[{"start":"1200","end":"1500"},{"start":"1700","end":"2200"}],"segments":[]}]}}}