{"meta":{"code":200,"requestId":"5876a804dd57977ca6f8bf69"},"response":{"hours":{"timeframes":[{"days":[1,2,3,4,5],"includesToday":true,"open":[{"start":"1000","end":"1900"}],"segments":[]},{"days":[6],"open":[{"start":"1000","end":"1700"}],"segments":[]},{"days":[7],"open":[{"start":"1100","end":"1500"}],"segments":[]}]},"popular":{"timeframes":[{"days":[3],"includesToday":true,"open":[{"start":"1100","end":"1500"}],"segments":[]},{"days":[4,5],"open":[{"start":"1000","end":"1600"}],"segments":[]},{"days":[6],"open":[{"start":"1200","end":"1500"}],"segments":[]},{"days":[7],"open":[],"segments":[]},{"days":[1],"open":[{"start":"1100","end":"1500"}],"segments":[]},{"days":[2],"open":[{"start":"1100","end":"1500"},{"start":"1800","end":"1900"}],"segments":[]}]}}}