{"meta":{"code":200,"requestId":"5876a3badb04f54046b596d6"},"response":{"hours":{"timeframes":[{"days":[1,2,3,4,5],"includesToday":true,"open":[{"start":"1700","end":"1830"}],"segments":[]},{"days":[6,7],"open":[{"start":"1000","end":"1600"}],"segments":[]}]},"popular":{"timeframes":[{"days":[3],"includesToday":true,"open":[{"start":"1700","end":"2100"}],"segments":[]},{"days":[4],"open":[{"start":"0900","end":"1000"},{"start":"1700","end":"2200"}],"segments":[]},{"days":[5],"open":[{"start":"1700","end":"2300"}],"segments":[]},{"days":[6],"open":[{"start":"1000","end":"1400"},{"start":"1700","end":"2300"}],"segments":[]},{"days":[7],"open":[{"start":"1000","end":"1400"},{"start":"1700","end":"2100"}],"segments":[]},{"days":[1],"open":[{"start":"1700","end":"2100"}],"segments":[]},{"days":[2],"open":[{"start":"1700","end":"2200"}],"segments":[]}]}}}