{"meta":{"code":200,"requestId":"5876a7c16a60717ae7e6b1a3"},"response":{"hours":{},"popular":{"timeframes":[{"days":[3],"includesToday":true,"open":[{"start":"1200","end":"2200"}],"segments":[]},{"days":[4],"open":[{"start":"1400","end":"2200"}],"segments":[]},{"days":[5],"open":[{"start":"1200","end":"2200"}],"segments":[]},{"days":[6],"open":[{"start":"1200","end":"2100"}],"segments":[]},{"days":[7],"open":[{"start":"1100","end":"2100"}],"segments":[]},{"days":[1],"open":[{"start":"1400","end":"2200"}],"segments":[]},{"days":[2],"open":[{"start":"1200","end":"2200"}],"segments":[]}]}}}