{"meta":{"code":200,"requestId":"5876a195f594df7549ab4983"},"response":{"hours":{"timeframes":[{"days":[1,2,3,4,5,6,7],"includesToday":true,"open":[{"start":"1100","end":"2300"}],"segments":[]}]},"popular":{"timeframes":[{"days":[3],"includesToday":true,"open":[{"start":"1200","end":"1400"},{"start":"1700","end":"2100"}],"segments":[]},{"days":[4],"open":[{"start":"1200","end":"1300"},{"start":"1600","end":"2100"}],"segments":[]},{"days":[5],"open":[{"start":"1200","end":"2100"}],"segments":[]},{"days":[6],"open":[{"start":"1100","end":"2100"}],"segments":[]},{"days":[7],"open":[{"start":"1200","end":"2100"}],"segments":[]},{"days":[1],"open":[{"start":"1300","end":"2100"}],"segments":[]},{"days":[2],"open":[{"start":"1200","end":"2100"}],"segments":[]}]}}}