{"meta":{"code":200,"requestId":"5876a048db04f54044957a65"},"response":{"hours":{"timeframes":[{"days":[1,2,3,4,5],"includesToday":true,"open":[{"start":"0430","end":"2100"}],"segments":[]},{"days":[6],"open":[{"start":"0530","end":"2100"}],"segments":[]},{"days":[7],"open":[{"start":"0530","end":"2000"}],"segments":[]}]},"popular":{"timeframes":[{"days":[3],"includesToday":true,"open":[{"start":"0600","end":"1000"},{"start":"1300","end":"1400"}],"segments":[]},{"days":[4],"open":[{"start":"0600","end":"1100"},{"start":"1800","end":"1900"}],"segments":[]},{"days":[5],"open":[{"start":"0600","end":"1100"},{"start":"1500","end":"1600"}],"segments":[]},{"days":[6],"open":[{"start":"0600","end":"1400"}],"segments":[]},{"days":[7],"open":[{"start":"0700","end":"1200"}],"segments":[]},{"days":[1,2],"open":[{"start":"0600","end":"1200"},{"start":"1500","end":"1600"}],"segments":[]}]}}}