{"meta":{"code":200,"requestId":"5876aa951ed21954a75d5584"},"response":{"hours":{},"popular":{"timeframes":[{"days":[3],"includesToday":true,"open":[{"start":"0800","end":"1400"},{"start":"1700","end":"2200"}],"segments":[]},{"days":[4],"open":[{"start":"1200","end":"2200"}],"segments":[]},{"days":[5],"open":[{"start":"0800","end":"+0100"}],"segments":[]},{"days":[6],"open":[{"start":"0900","end":"1700"},{"start":"1900","end":"2200"}],"segments":[]},{"days":[7],"open":[{"start":"0800","end":"1400"},{"start":"1900","end":"2200"}],"segments":[]},{"days":[1],"open":[{"start":"1200","end":"2300"}],"segments":[]},{"days":[2],"open":[{"start":"0800","end":"1000"},{"start":"1200","end":"1400"},{"start":"1800","end":"2200"}],"segments":[]}]}}}