{"meta":{"code":200,"requestId":"5876aadadd57977cbaad7181"},"response":{"hours":{},"popular":{"timeframes":[{"days":[3],"includesToday":true,"open":[{"start":"0700","end":"1100"},{"start":"1600","end":"1800"},{"start":"2100","end":"2200"}],"segments":[]},{"days":[4],"open":[{"start":"0700","end":"1000"},{"start":"1400","end":"1800"},{"start":"2200","end":"2300"}],"segments":[]},{"days":[5],"open":[{"start":"0700","end":"1500"},{"start":"1800","end":"1900"},{"start":"2100","end":"+0200"}],"segments":[]},{"days":[6],"open":[{"start":"1000","end":"2100"}],"segments":[]},{"days":[7],"open":[{"start":"0000","end":"+0400"}],"segments":[]},{"days":[1],"open":[{"start":"0700","end":"0900"},{"start":"1100","end":"1400"},{"start":"1600","end":"1900"}],"segments":[]},{"days":[2],"open":[{"start":"0700","end":"1400"},{"start":"1600","end":"1700"}],"segments":[]}]}}}