{"meta":{"code":200,"requestId":"5876a46adb04f54044b29260"},"response":{"hours":{"timeframes":[{"days":[1,2,3,4,5,6],"includesToday":true,"open":[{"start":"0530","end":"1400"}],"segments":[]},{"days":[7],"open":[{"start":"0700","end":"1400"}],"segments":[]}]},"popular":{"timeframes":[{"days":[3],"includesToday":true,"open":[{"start":"0700","end":"1100"},{"start":"1400","end":"1500"},{"start":"1700","end":"1800"}],"segments":[]},{"days":[4],"open":[{"start":"0600","end":"1200"},{"start":"1700","end":"1800"}],"segments":[]},{"days":[5],"open":[{"start":"0600","end":"1300"},{"start":"1500","end":"1600"}],"segments":[]},{"days":[6],"open":[{"start":"0700","end":"1300"}],"segments":[]},{"days":[7],"open":[{"start":"0800","end":"1300"}],"segments":[]},{"days":[1],"open":[{"start":"0700","end":"1200"}],"segments":[]},{"days":[2],"open":[{"start":"0600","end":"1000"}],"segments":[]}]}}}