{"meta":{"code":200,"requestId":"5876a75d4434b938e33466b9"},"response":{"hours":{"timeframes":[{"days":[1,2,3,4,5,6],"includesToday":true,"open":[{"start":"0600","end":"2115"}],"segments":[]},{"days":[7],"open":[{"start":"0730","end":"1830"}],"segments":[]}]},"popular":{"timeframes":[{"days":[3],"includesToday":true,"open":[{"start":"0700","end":"1500"},{"start":"1700","end":"1900"}],"segments":[]},{"days":[4],"open":[{"start":"0700","end":"1500"},{"start":"1800","end":"1900"}],"segments":[]},{"days":[5],"open":[{"start":"0700","end":"1500"}],"segments":[]},{"days":[6],"open":[{"start":"0800","end":"1600"}],"segments":[]},{"days":[7],"open":[{"start":"0900","end":"1700"}],"segments":[]},{"days":[1],"open":[{"start":"0900","end":"1400"}],"segments":[]},{"days":[2],"open":[{"start":"0700","end":"1500"},{"start":"1800","end":"2000"}],"segments":[]}]}}}