{"meta":{"code":200,"requestId":"58769fa36a60717ae9bd49ea"},"response":{"hours":{"timeframes":[{"days":[1,2,3,4,5,6],"includesToday":true,"open":[{"start":"0500","end":"2100"}],"segments":[]},{"days":[7],"open":[{"start":"0500","end":"2000"}],"segments":[]}]},"popular":{"timeframes":[{"days":[3],"includesToday":true,"open":[{"start":"0700","end":"1700"}],"segments":[]},{"days":[4,5],"open":[{"start":"0700","end":"1700"}],"segments":[]},{"days":[6],"open":[{"start":"0800","end":"1800"}],"segments":[]},{"days":[7],"open":[{"start":"0700","end":"1700"}],"segments":[]},{"days":[1],"open":[{"start":"0700","end":"1800"}],"segments":[]},{"days":[2],"open":[{"start":"0700","end":"1700"}],"segments":[]}]}}}