{"meta":{"code":200,"requestId":"58769d8e351e3d3404da24f9"},"response":{"hours":{"timeframes":[{"days":[1,2,3,4],"includesToday":true,"open":[{"start":"0500","end":"2200"}],"segments":[]},{"days":[5,6],"open":[{"start":"0500","end":"2300"}],"segments":[]},{"days":[7],"open":[{"start":"0500","end":"2100"}],"segments":[]}]},"popular":{"timeframes":[{"days":[3],"includesToday":true,"open":[{"start":"1600","end":"2200"}],"segments":[]},{"days":[4,5],"open":[{"start":"1600","end":"2200"}],"segments":[]},{"days":[6],"open":[{"start":"1700","end":"2200"}],"segments":[]},{"days":[7],"open":[{"start":"1700","end":"2100"}],"segments":[]},{"days":[1],"open":[{"start":"1700","end":"2100"}],"segments":[]},{"days":[2],"open":[{"start":"1600","end":"2200"}],"segments":[]}]}}}