{"meta":{"code":200,"requestId":"58769d31dd57977ca318184b"},"response":{"hours":{"timeframes":[{"days":[1,2,3,4,5,6,7],"includesToday":true,"open":[{"start":"0730","end":"1430"}],"segments":[]}]},"popular":{"timeframes":[{"days":[3],"includesToday":true,"open":[{"start":"1100","end":"1400"},{"start":"1800","end":"2000"}],"segments":[]},{"days":[4],"open":[{"start":"0900","end":"1300"},{"start":"1700","end":"1900"}],"segments":[]},{"days":[5],"open":[{"start":"0900","end":"1400"},{"start":"1700","end":"2100"}],"segments":[]},{"days":[6],"open":[{"start":"0800","end":"1400"},{"start":"1700","end":"2000"}],"segments":[]},{"days":[7],"open":[{"start":"0800","end":"1400"}],"segments":[]},{"days":[1],"open":[{"start":"1100","end":"1200"},{"start":"1800","end":"2000"}],"segments":[]},{"days":[2],"open":[{"start":"1200","end":"1300"},{"start":"1800","end":"1900"}],"segments":[]}]}}}