{"meta":{"code":200,"requestId":"5876ab60351e3d3404387b1c"},"response":{"hours":{},"popular":{"timeframes":[{"days":[3],"includesToday":true,"open":[{"start":"0700","end":"1500"},{"start":"1700","end":"2000"}],"segments":[]},{"days":[4],"open":[{"start":"0700","end":"1600"},{"start":"1900","end":"2000"}],"segments":[]},{"days":[5],"open":[{"start":"0700","end":"1900"},{"start":"2300","end":"+0000"}],"segments":[]},{"days":[6],"open":[{"start":"0800","end":"2200"}],"segments":[]},{"days":[7],"open":[{"start":"0900","end":"1500"},{"start":"1700","end":"1900"}],"segments":[]},{"days":[1],"open":[{"start":"0800","end":"1700"},{"start":"2000","end":"2100"}],"segments":[]},{"days":[2],"open":[{"start":"0700","end":"1400"},{"start":"1600","end":"1700"},{"start":"1900","end":"2000"}],"segments":[]}]}}}