{"meta":{"code":200,"requestId":"5876ab419fb6b71b8086c9af"},"response":{"hours":{"timeframes":[{"days":[1,2,3,4,5,6],"includesToday":true,"open":[{"start":"0430","end":"2100"}],"segments":[]},{"days":[7],"open":[{"start":"0500","end":"2100"}],"segments":[]}]},"popular":{"timeframes":[{"days":[3],"includesToday":true,"open":[{"start":"0300","end":"1100"},{"start":"1700","end":"1800"}],"segments":[]},{"days":[4],"open":[{"start":"0300","end":"1100"}],"segments":[]},{"days":[5],"open":[{"start":"0300","end":"1000"},{"start":"1200","end":"1400"}],"segments":[]},{"days":[6],"open":[{"start":"0300","end":"1400"},{"start":"1600","end":"1700"}],"segments":[]},{"days":[7],"open":[{"start":"0400","end":"0500"},{"start":"0900","end":"1600"}],"segments":[]},{"days":[1],"open":[{"start":"0400","end":"1300"}],"segments":[]},{"days":[2],"open":[{"start":"0300","end":"1000"},{"start":"1300","end":"1400"}],"segments":[]}]}}}