{"meta":{"code":200,"requestId":"58769f17db04f54041c75ccf"},"response":{"hours":{"timeframes":[{"days":[1,2,3,4,5],"includesToday":true,"open":[{"start":"1000","end":"+0200"}],"segments":[]},{"days":[6,7],"open":[{"start":"0000","end":"+0000"}],"segments":[]}]},"popular":{"timeframes":[{"days":[3],"includesToday":true,"open":[{"start":"1100","end":"2200"}],"segments":[]},{"days":[4],"open":[{"start":"1100","end":"+0000"}],"segments":[]},{"days":[5],"open":[{"start":"1100","end":"+0100"}],"segments":[]},{"days":[6],"open":[{"start":"1300","end":"+0200"}],"segments":[]},{"days":[7],"open":[{"start":"1800","end":"1900"},{"start":"2100","end":"2200"}],"segments":[]},{"days":[1],"open":[{"start":"1200","end":"1300"},{"start":"1500","end":"1700"},{"start":"2100","end":"2200"}],"segments":[]},{"days":[2],"open":[{"start":"1100","end":"1700"},{"start":"1900","end":"2200"}],"segments":[]}]}}}