{"meta":{"code":200,"requestId":"5876ab58dd57977ca41eb58e"},"response":{"hours":{},"popular":{"timeframes":[{"days":[3],"includesToday":true,"open":[{"start":"0800","end":"1900"}],"segments":[]},{"days":[4],"open":[{"start":"1100","end":"2000"}],"segments":[]},{"days":[5],"open":[{"start":"1100","end":"2300"}],"segments":[]},{"days":[6],"open":[{"start":"1000","end":"1600"},{"start":"1900","end":"2000"}],"segments":[]},{"days":[7],"open":[{"start":"1100","end":"1400"},{"start":"1600","end":"2000"}],"segments":[]},{"days":[1],"open":[{"start":"1000","end":"1900"}],"segments":[]},{"days":[2],"open":[{"start":"1100","end":"2000"}],"segments":[]}]}}}