{"meta":{"code":200,"requestId":"5876ab04db04f540425bf27b"},"response":{"hours":{},"popular":{"timeframes":[{"days":[3],"includesToday":true,"open":[{"start":"0800","end":"0900"},{"start":"1200","end":"2300"}],"segments":[]},{"days":[4],"open":[{"start":"0700","end":"1300"},{"start":"1500","end":"2300"}],"segments":[]},{"days":[5],"open":[{"start":"0800","end":"0900"},{"start":"1100","end":"2300"}],"segments":[]},{"days":[6],"open":[{"start":"0700","end":"0800"},{"start":"1100","end":"1900"},{"start":"2100","end":"2200"}],"segments":[]},{"days":[7],"open":[{"start":"1000","end":"2100"}],"segments":[]},{"days":[1],"open":[{"start":"0800","end":"0900"},{"start":"1200","end":"2000"}],"segments":[]},{"days":[2],"open":[{"start":"0800","end":"0900"},{"start":"1100","end":"1400"},{"start":"1600","end":"1900"},{"start":"2200","end":"2300"}],"segments":[]}]}}}