{"meta":{"code":200,"requestId":"58769f564c1f6740e8f75bbf"},"response":{"hours":{},"popular":{"timeframes":[{"days":[3],"includesToday":true,"open":[{"start":"0900","end":"2100"}],"segments":[]},{"days":[4],"open":[{"start":"0800","end":"1400"},{"start":"1600","end":"2000"}],"segments":[]},{"days":[5],"open":[{"start":"0900","end":"2000"}],"segments":[]},{"days":[6],"open":[{"start":"0800","end":"1800"}],"segments":[]},{"days":[7],"open":[],"segments":[]},{"days":[1],"open":[{"start":"0800","end":"0900"},{"start":"1200","end":"2000"}],"segments":[]},{"days":[2],"open":[{"start":"0700","end":"2200"}],"segments":[]}]}}}