{"meta":{"code":200,"requestId":"5876a297f594df7549b26c94"},"response":{"hours":{"timeframes":[{"days":[1,2,3,4,5,6],"includesToday":true,"open":[{"start":"0600","end":"+0000"}],"segments":[]},{"days":[7],"open":[{"start":"0700","end":"+0000"}],"segments":[]}]},"popular":{"timeframes":[{"days":[3],"includesToday":true,"open":[{"start":"0800","end":"0900"},{"start":"1600","end":"1700"}],"segments":[]},{"days":[4],"open":[{"start":"0800","end":"0900"}],"segments":[]},{"days":[5],"open":[{"start":"0700","end":"0900"}],"segments":[]},{"days":[6],"open":[{"start":"0800","end":"0900"}],"segments":[]},{"days":[7],"open":[],"segments":[]},{"days":[1],"open":[{"start":"0700","end":"0900"},{"start":"1600","end":"1700"}],"segments":[]},{"days":[2],"open":[{"start":"0700","end":"0900"}],"segments":[]}]}}}