{"meta":{"code":200,"requestId":"5876a40b4434b9389348345c"},"response":{"hours":{"timeframes":[{"days":[1,2,3,4,5,6],"includesToday":true,"open":[{"start":"0500","end":"2100"}],"segments":[]},{"days":[7],"open":[{"start":"0500","end":"2000"}],"segments":[]}]},"popular":{"timeframes":[{"days":[3],"includesToday":true,"open":[{"start":"0400","end":"1100"}],"segments":[]},{"days":[4],"open":[{"start":"0400","end":"1300"}],"segments":[]},{"days":[5,6],"open":[{"start":"0600","end":"1300"}],"segments":[]},{"days":[7],"open":[{"start":"0600","end":"1700"}],"segments":[]},{"days":[1],"open":[{"start":"0500","end":"1200"},{"start":"1600","end":"1900"}],"segments":[]},{"days":[2],"open":[{"start":"0600","end":"1500"}],"segments":[]}]}}}