{"meta":{"code":200,"requestId":"5876a7641ed21954a7494442"},"response":{"hours":{},"popular":{"timeframes":[{"days":[3],"includesToday":true,"open":[{"start":"0500","end":"1000"},{"start":"1200","end":"1500"},{"start":"1700","end":"1800"},{"start":"2200","end":"2300"}],"segments":[]},{"days":[4],"open":[{"start":"0600","end":"1400"},{"start":"1900","end":"2000"},{"start":"2200","end":"2300"}],"segments":[]},{"days":[5],"open":[{"start":"0600","end":"0900"},{"start":"1100","end":"1500"},{"start":"1900","end":"2000"}],"segments":[]},{"days":[6,7],"open":[{"start":"0000","end":"+0100"}],"segments":[]},{"days":[1],"open":[{"start":"0700","end":"1300"},{"start":"1700","end":"1800"},{"start":"2000","end":"2100"},{"start":"2300","end":"+0000"}],"segments":[]},{"days":[2],"open":[{"start":"0600","end":"0800"},{"start":"1200","end":"1700"},{"start":"1900","end":"2000"}],"segments":[]}]}}}