{"meta":{"code":200,"requestId":"5876a98cf594df757e7b2cd0"},"response":{"hours":{},"popular":{"timeframes":[{"days":[3],"includesToday":true,"open":[{"start":"0600","end":"0800"},{"start":"1900","end":"2000"},{"start":"2300","end":"+0000"}],"segments":[]},{"days":[4],"open":[{"start":"0700","end":"1000"}],"segments":[]},{"days":[5],"open":[{"start":"0600","end":"1000"},{"start":"1800","end":"2000"},{"start":"2300","end":"+0000"}],"segments":[]},{"days":[6],"open":[{"start":"0200","end":"+0300"}],"segments":[]},{"days":[7],"open":[{"start":"0100","end":"+0300"}],"segments":[]},{"days":[1],"open":[{"start":"0600","end":"0900"},{"start":"1200","end":"1300"},{"start":"1800","end":"1900"}],"segments":[]},{"days":[2],"open":[{"start":"0600","end":"1400"}],"segments":[]}]}}}