{"meta":{"code":200,"requestId":"5876a135db04f540430a35a3"},"response":{"hours":{"timeframes":[{"days":[1,2,3,4],"includesToday":true,"open":[{"start":"0530","end":"2300"}],"segments":[]},{"days":[5],"open":[{"start":"0530","end":"+0000"}],"segments":[]},{"days":[6],"open":[{"start":"1200","end":"+0000"}],"segments":[]},{"days":[7],"open":[{"start":"1200","end":"2300"}],"segments":[]}]},"popular":{"timeframes":[{"days":[3],"includesToday":true,"open":[{"start":"1000","end":"1200"},{"start":"1600","end":"2300"}],"segments":[]},{"days":[4],"open":[{"start":"1100","end":"1200"},{"start":"2100","end":"2300"}],"segments":[]},{"days":[5],"open":[{"start":"1000","end":"1200"},{"start":"2000","end":"+0100"}],"segments":[]},{"days":[6],"open":[{"start":"0800","end":"1500"},{"start":"1700","end":"1800"},{"start":"2000","end":"+0000"}],"segments":[]},{"days":[7],"open":[{"start":"0800","end":"2200"}],"segments":[]},{"days":[1],"open":[{"start":"0900","end":"1200"},{"start":"1800","end":"1900"}],"segments":[]},{"days":[2],"open":[{"start":"1000","end":"1100"},{"start":"1900","end":"2000"},{"start":"2200","end":"2300"}],"segments":[]}]}}}