{"meta":{"code":200,"requestId":"5876a766db04f54046ce4485"},"response":{"hours":{"timeframes":[{"days":[1,2,3,4,5,6,7],"includesToday":true,"open":[{"start":"0000","end":"+0000"}],"segments":[]}]},"popular":{"timeframes":[{"days":[3],"includesToday":true,"open":[{"start":"0700","end":"1200"},{"start":"1800","end":"1900"}],"segments":[]},{"days":[4],"open":[{"start":"0800","end":"1300"},{"start":"2100","end":"2300"}],"segments":[]},{"days":[5],"open":[{"start":"0400","end":"0600"},{"start":"0800","end":"1300"},{"start":"2200","end":"+0200"}],"segments":[]},{"days":[6],"open":[{"start":"0700","end":"1400"},{"start":"2100","end":"2300"}],"segments":[]},{"days":[7],"open":[{"start":"0100","end":"+0300"}],"segments":[]},{"days":[1],"open":[{"start":"0800","end":"1300"}],"segments":[]},{"days":[2],"open":[{"start":"0900","end":"1300"}],"segments":[]}]}}}