{"meta":{"code":200,"requestId":"5876a4149fb6b71b80580755"},"response":{"hours":{"timeframes":[{"days":[1,2,3,4,5,6],"includesToday":true,"open":[{"start":"1100","end":"2100"}],"segments":[]},{"days":[7],"open":[{"start":"1130","end":"2030"}],"segments":[]}]},"popular":{"timeframes":[{"days":[3],"includesToday":true,"open":[{"start":"1100","end":"2000"}],"segments":[]},{"days":[4],"open":[{"start":"1100","end":"2100"}],"segments":[]},{"days":[5],"open":[{"start":"1100","end":"1400"},{"start":"1600","end":"2100"}],"segments":[]},{"days":[6],"open":[{"start":"1100","end":"2100"}],"segments":[]},{"days":[7],"open":[{"start":"1200","end":"2000"}],"segments":[]},{"days":[1],"open":[{"start":"1200","end":"2100"}],"segments":[]},{"days":[2],"open":[{"start":"1100","end":"2100"}],"segments":[]}]}}}