{"meta":{"code":200,"requestId":"5876aa9ef594df75b246d263"},"response":{"hours":{},"popular":{"timeframes":[{"days":[3],"includesToday":true,"open":[{"start":"0800","end":"1000"},{"start":"1200","end":"1300"},{"start":"1700","end":"2000"}],"segments":[]},{"days":[4],"open":[{"start":"0900","end":"1500"},{"start":"1800","end":"2200"}],"segments":[]},{"days":[5],"open":[{"start":"0700","end":"2000"}],"segments":[]},{"days":[6],"open":[{"start":"0200","end":"+0300"}],"segments":[]},{"days":[7],"open":[{"start":"0100","end":"+0300"}],"segments":[]},{"days":[1],"open":[{"start":"0700","end":"1000"},{"start":"1300","end":"1400"},{"start":"1800","end":"2200"}],"segments":[]},{"days":[2],"open":[{"start":"0800","end":"1100"},{"start":"1300","end":"1500"},{"start":"1800","end":"1900"}],"segments":[]}]}}}