{"meta":{"code":200,"requestId":"5876a77a6a60717ae9f39db0"},"response":{"hours":{"timeframes":[{"days":[1,2,3,4,5],"includesToday":true,"open":[{"start":"0400","end":"2200"}],"segments":[]},{"days":[6],"open":[{"start":"0500","end":"2200"}],"segments":[]},{"days":[7],"open":[{"start":"0500","end":"2100"}],"segments":[]}]},"popular":{"timeframes":[{"days":[3],"includesToday":true,"open":[{"start":"0600","end":"1400"}],"segments":[]},{"days":[4],"open":[{"start":"0600","end":"1500"}],"segments":[]},{"days":[5],"open":[{"start":"0600","end":"1700"}],"segments":[]},{"days":[6],"open":[{"start":"0700","end":"1400"}],"segments":[]},{"days":[7],"open":[{"start":"0800","end":"1400"}],"segments":[]},{"days":[1,2],"open":[{"start":"0600","end":"1700"}],"segments":[]}]}}}