{"meta":{"code":200,"requestId":"58769e4f4434b938afbef04e"},"response":{"hours":{},"popular":{"timeframes":[{"days":[3],"includesToday":true,"open":[{"start":"0800","end":"1100"}],"segments":[]},{"days":[4],"open":[{"start":"0800","end":"1000"},{"start":"1500","end":"1600"}],"segments":[]},{"days":[5],"open":[{"start":"0600","end":"1200"},{"start":"1600","end":"1700"},{"start":"2200","end":"+0000"}],"segments":[]},{"days":[6],"open":[{"start":"0700","end":"1500"}],"segments":[]},{"days":[7],"open":[{"start":"0200","end":"+0300"}],"segments":[]},{"days":[1],"open":[{"start":"0800","end":"1200"},{"start":"1600","end":"1700"},{"start":"2100","end":"2200"}],"segments":[]},{"days":[2],"open":[{"start":"0600","end":"0800"},{"start":"1000","end":"1100"},{"start":"1700","end":"1800"},{"start":"2200","end":"2300"}],"segments":[]}]}}}