{"meta":{"code":200,"requestId":"5876a001f594df75985c6e45"},"response":{"hours":{"timeframes":[{"days":[1,2,3,4,5,6,7],"includesToday":true,"open":[{"start":"1100","end":"2200"}],"segments":[]}]},"popular":{"timeframes":[{"days":[3],"includesToday":true,"open":[{"start":"1100","end":"2200"}],"segments":[]},{"days":[4],"open":[{"start":"1400","end":"1500"},{"start":"1800","end":"2200"}],"segments":[]},{"days":[5],"open":[{"start":"1300","end":"1700"},{"start":"2000","end":"2200"}],"segments":[]},{"days":[6,7],"open":[{"start":"1400","end":"2200"}],"segments":[]},{"days":[1],"open":[{"start":"1400","end":"2200"}],"segments":[]},{"days":[2],"open":[{"start":"1200","end":"2200"}],"segments":[]}]}}}