{"meta":{"code":200,"requestId":"5876a00fdd57977ca32d4863"},"response":{"hours":{"timeframes":[{"days":[1,2,3,4,5],"includesToday":true,"open":[{"start":"1600","end":"2200"}],"segments":[]},{"days":[6],"open":[{"start":"1100","end":"2200"}],"segments":[]},{"days":[7],"open":[{"start":"1100","end":"2100"}],"segments":[]}]},"popular":{"timeframes":[{"days":[3],"includesToday":true,"open":[{"start":"1600","end":"2000"}],"segments":[]},{"days":[4],"open":[{"start":"1600","end":"2100"}],"segments":[]},{"days":[5],"open":[{"start":"1600","end":"2200"}],"segments":[]},{"days":[6],"open":[{"start":"1300","end":"2100"}],"segments":[]},{"days":[7],"open":[{"start":"1300","end":"2000"}],"segments":[]},{"days":[1,2],"open":[{"start":"1600","end":"2100"}],"segments":[]}]}}}