{"meta":{"code":200,"requestId":"5876a1934434b938cad30900"},"response":{"hours":{"timeframes":[{"days":[1,2,3,4,5,6,7],"includesToday":true,"open":[{"start":"0000","end":"+0000"}],"segments":[]}]},"popular":{"timeframes":[{"days":[3],"includesToday":true,"open":[{"start":"0900","end":"1300"}],"segments":[]},{"days":[4],"open":[{"start":"0800","end":"1400"}],"segments":[]},{"days":[5],"open":[{"start":"0900","end":"1300"},{"start":"1800","end":"2100"}],"segments":[]},{"days":[6],"open":[{"start":"0200","end":"+0400"}],"segments":[]},{"days":[7],"open":[{"start":"0800","end":"1500"},{"start":"2100","end":"2200"}],"segments":[]},{"days":[1],"open":[{"start":"0800","end":"1300"}],"segments":[]},{"days":[2],"open":[{"start":"0900","end":"1300"},{"start":"1800","end":"1900"}],"segments":[]}]}}}