{"meta":{"code":200,"requestId":"5876a6b01ed21954aabca160"},"response":{"hours":{"timeframes":[{"days":[1,2,3,4,5,6,7],"includesToday":true,"open":[{"start":"0700","end":"1700"}],"segments":[]}]},"popular":{"timeframes":[{"days":[3],"includesToday":true,"open":[{"start":"0700","end":"1600"}],"segments":[]},{"days":[4],"open":[{"start":"0700","end":"1500"}],"segments":[]},{"days":[5],"open":[{"start":"0700","end":"1600"}],"segments":[]},{"days":[6],"open":[{"start":"0800","end":"1700"}],"segments":[]},{"days":[7],"open":[{"start":"0800","end":"1600"}],"segments":[]},{"days":[1],"open":[{"start":"0700","end":"1600"}],"segments":[]},{"days":[2],"open":[{"start":"0700","end":"1500"}],"segments":[]}]}}}