{"meta":{"code":200,"requestId":"5876a5b44434b938aff3319b"},"response":{"hours":{},"popular":{"timeframes":[{"days":[3],"includesToday":true,"open":[{"start":"1000","end":"1700"},{"start":"1900","end":"2100"}],"segments":[]},{"days":[4],"open":[{"start":"0900","end":"1900"}],"segments":[]},{"days":[5],"open":[{"start":"1000","end":"1500"},{"start":"1700","end":"2200"}],"segments":[]},{"days":[6],"open":[{"start":"0800","end":"1900"}],"segments":[]},{"days":[7],"open":[{"start":"1100","end":"1300"},{"start":"1700","end":"1800"}],"segments":[]},{"days":[1],"open":[{"start":"0800","end":"2000"}],"segments":[]},{"days":[2],"open":[{"start":"1100","end":"2200"}],"segments":[]}]}}}