{"meta":{"code":200,"requestId":"5876a08cdd57977ca50a6c30"},"response":{"hours":{"timeframes":[{"days":[1,2,3,4,5],"includesToday":true,"open":[{"start":"0500","end":"2100"}],"segments":[]},{"days":[6,7],"open":[{"start":"0600","end":"2100"}],"segments":[]}]},"popular":{"timeframes":[{"days":[3],"includesToday":true,"open":[{"start":"0700","end":"1600"}],"segments":[]},{"days":[4],"open":[{"start":"0700","end":"1500"},{"start":"1700","end":"1800"}],"segments":[]},{"days":[5],"open":[{"start":"0700","end":"1500"},{"start":"1900","end":"2000"}],"segments":[]},{"days":[6],"open":[{"start":"0900","end":"1700"}],"segments":[]},{"days":[7],"open":[{"start":"1000","end":"1600"}],"segments":[]},{"days":[1],"open":[{"start":"0700","end":"2000"}],"segments":[]},{"days":[2],"open":[{"start":"0600","end":"1000"},{"start":"1200","end":"1800"}],"segments":[]}]}}}