{"meta":{"code":200,"requestId":"5876a8a2dd57977ca541a199"},"response":{"hours":{"timeframes":[{"days":[1,2,3,4,7],"includesToday":true,"open":[{"start":"0700","end":"+0300"}],"segments":[]},{"days":[5,6],"open":[{"start":"0700","end":"+0400"}],"segments":[]}]},"popular":{"timeframes":[{"days":[3],"includesToday":true,"open":[{"start":"1200","end":"2100"},{"start":"2300","end":"+0200"}],"segments":[]},{"days":[4],"open":[{"start":"1200","end":"1400"},{"start":"1700","end":"2200"}],"segments":[]},{"days":[5],"open":[{"start":"0000","end":"+0200"}],"segments":[]},{"days":[6],"open":[{"start":"1100","end":"1200"},{"start":"1600","end":"1800"},{"start":"2000","end":"+0300"}],"segments":[]},{"days":[7],"open":[{"start":"1200","end":"1400"},{"start":"1600","end":"+0100"}],"segments":[]},{"days":[1],"open":[{"start":"1100","end":"1500"},{"start":"1700","end":"+0000"}],"segments":[]},{"days":[2],"open":[{"start":"1100","end":"2200"}],"segments":[]}]}}}