{"meta":{"code":200,"requestId":"5876a152dd57977ca6cb1be0"},"response":{"hours":{},"popular":{"timeframes":[{"days":[3],"includesToday":true,"open":[{"start":"0600","end":"0900"},{"start":"1100","end":"1400"},{"start":"1600","end":"1900"},{"start":"2100","end":"2200"}],"segments":[]},{"days":[4],"open":[{"start":"0600","end":"1900"}],"segments":[]},{"days":[5],"open":[{"start":"0700","end":"1800"},{"start":"2200","end":"+0100"}],"segments":[]},{"days":[6],"open":[{"start":"0700","end":"1800"},{"start":"2000","end":"2100"}],"segments":[]},{"days":[7],"open":[{"start":"0800","end":"1500"},{"start":"2100","end":"2200"}],"segments":[]},{"days":[1],"open":[{"start":"0600","end":"0700"},{"start":"0900","end":"1600"},{"start":"2000","end":"2100"}],"segments":[]},{"days":[2],"open":[{"start":"0600","end":"1400"},{"start":"1800","end":"2000"}],"segments":[]}]}}}