{"meta":{"code":200,"requestId":"5876a226dd57977ca33c401e"},"response":{"hours":{},"popular":{"timeframes":[{"days":[3],"includesToday":true,"open":[{"start":"0700","end":"1600"}],"segments":[]},{"days":[4],"open":[{"start":"0700","end":"1600"}],"segments":[]},{"days":[5],"open":[{"start":"0700","end":"1700"}],"segments":[]},{"days":[6],"open":[{"start":"0900","end":"1600"}],"segments":[]},{"days":[7],"open":[{"start":"0900","end":"1700"}],"segments":[]},{"days":[1],"open":[{"start":"0700","end":"0900"},{"start":"1200","end":"1400"}],"segments":[]},{"days":[2],"open":[{"start":"0700","end":"1600"}],"segments":[]}]}}}