{"meta":{"code":200,"requestId":"5876a7f79fb6b71b8327a93d"},"response":{"hours":{},"popular":{"timeframes":[{"days":[3],"includesToday":true,"open":[{"start":"1100","end":"1500"},{"start":"1700","end":"1800"},{"start":"2000","end":"2200"}],"segments":[]},{"days":[4],"open":[{"start":"0800","end":"2200"}],"segments":[]},{"days":[5],"open":[{"start":"0900","end":"1400"},{"start":"1900","end":"2300"}],"segments":[]},{"days":[6],"open":[{"start":"1100","end":"1700"},{"start":"1900","end":"2000"},{"start":"2200","end":"2300"}],"segments":[]},{"days":[7],"open":[{"start":"1000","end":"1500"}],"segments":[]},{"days":[1],"open":[{"start":"0700","end":"0800"},{"start":"1000","end":"1800"},{"start":"2000","end":"2200"}],"segments":[]},{"days":[2],"open":[{"start":"1100","end":"2100"}],"segments":[]}]}}}