{"meta":{"code":200,"requestId":"5876a951f594df7549df67e2"},"response":{"hours":{},"popular":{"timeframes":[{"days":[3],"includesToday":true,"open":[{"start":"0600","end":"1500"},{"start":"1800","end":"1900"}],"segments":[]},{"days":[4],"open":[{"start":"0900","end":"1300"},{"start":"1800","end":"2000"}],"segments":[]},{"days":[5],"open":[{"start":"0800","end":"1300"},{"start":"1800","end":"2000"}],"segments":[]},{"days":[6],"open":[{"start":"0800","end":"1500"},{"start":"1700","end":"2000"}],"segments":[]},{"days":[7],"open":[{"start":"0900","end":"1400"}],"segments":[]},{"days":[1],"open":[{"start":"0800","end":"1400"},{"start":"1800","end":"1900"}],"segments":[]},{"days":[2],"open":[{"start":"0800","end":"1200"},{"start":"1400","end":"1500"},{"start":"1700","end":"2000"}],"segments":[]}]}}}