{"meta":{"code":200,"requestId":"58769f7b4c1f6740e8f86e84"},"response":{"hours":{},"popular":{"timeframes":[{"days":[3],"includesToday":true,"open":[{"start":"1000","end":"1600"},{"start":"1800","end":"2000"}],"segments":[]},{"days":[4],"open":[{"start":"1000","end":"1400"},{"start":"1800","end":"2000"}],"segments":[]},{"days":[5,6],"open":[{"start":"1000","end":"2100"}],"segments":[]},{"days":[7],"open":[{"start":"1100","end":"1300"},{"start":"1500","end":"2100"}],"segments":[]},{"days":[1],"open":[{"start":"1000","end":"2200"}],"segments":[]},{"days":[2],"open":[{"start":"1200","end":"1400"},{"start":"1800","end":"2100"}],"segments":[]}]}}}