{"meta":{"code":200,"requestId":"587562449fb6b745ad3c8e8a"},"response":{"hours":{"timeframes":[{"days":[1,2,3,4,5,6],"includesToday":true,"open":[{"start":"0800","end":"2200"}],"segments":[]},{"days":[7],"open":[{"start":"0900","end":"2200"}],"segments":[]}]},"popular":{"timeframes":[{"days":[2],"includesToday":true,"open":[{"start":"1700","end":"2300"}],"segments":[]},{"days":[3],"open":[{"start":"1800","end":"2200"}],"segments":[]},{"days":[4,5],"open":[{"start":"1700","end":"2300"}],"segments":[]},{"days":[6],"open":[{"start":"1500","end":"2300"}],"segments":[]},{"days":[7],"open":[{"start":"1500","end":"2200"}],"segments":[]},{"days":[1],"open":[{"start":"1600","end":"2300"}],"segments":[]}]}}}