{"meta":{"code":200,"requestId":"58756b78dd579728be89cd06"},"response":{"hours":{},"popular":{"timeframes":[{"days":[2],"includesToday":true,"open":[{"start":"1100","end":"1400"},{"start":"1800","end":"2300"}],"segments":[]},{"days":[3],"open":[{"start":"1100","end":"1500"},{"start":"1800","end":"2300"}],"segments":[]},{"days":[4],"open":[{"start":"1100","end":"1500"},{"start":"1800","end":"+0000"}],"segments":[]},{"days":[5],"open":[{"start":"1100","end":"1500"},{"start":"1800","end":"2300"}],"segments":[]},{"days":[6],"open":[{"start":"1200","end":"1600"},{"start":"1800","end":"+0000"}],"segments":[]},{"days":[7],"open":[],"segments":[]},{"days":[1],"open":[],"segments":[]}]}}}