{"meta":{"code":200,"requestId":"58756b6d4434b95ee8b4da31"},"response":{"hours":{"timeframes":[{"days":[1],"open":[{"start":"1130","end":"2100"}],"segments":[]},{"days":[2,3,4],"includesToday":true,"open":[{"start":"1130","end":"2200"}],"segments":[]},{"days":[5],"open":[{"start":"1130","end":"2300"}],"segments":[]},{"days":[6],"open":[{"start":"1700","end":"2300"}],"segments":[]},{"days":[7],"open":[{"start":"1700","end":"2100"}],"segments":[]}]},"popular":{"timeframes":[{"days":[2],"includesToday":true,"open":[{"start":"1200","end":"1300"},{"start":"1700","end":"2200"}],"segments":[]},{"days":[3],"open":[{"start":"1200","end":"1300"},{"start":"1700","end":"2200"}],"segments":[]},{"days":[4],"open":[{"start":"1400","end":"1500"},{"start":"1700","end":"2200"}],"segments":[]},{"days":[5],"open":[{"start":"1200","end":"1500"},{"start":"1700","end":"2300"}],"segments":[]},{"days":[6],"open":[{"start":"1600","end":"2300"}],"segments":[]},{"days":[7],"open":[{"start":"1700","end":"2200"}],"segments":[]},{"days":[1],"open":[{"start":"1700","end":"2200"}],"segments":[]}]}}}