{"meta":{"code":200,"requestId":"58756b669fb6b745ad68abb2"},"response":{"hours":{},"popular":{"timeframes":[{"days":[2],"includesToday":true,"open":[{"start":"0700","end":"0800"},{"start":"1000","end":"2000"}],"segments":[]},{"days":[3],"open":[{"start":"0700","end":"0800"},{"start":"1000","end":"1100"},{"start":"1300","end":"1400"},{"start":"1600","end":"2100"}],"segments":[]},{"days":[4],"open":[{"start":"0700","end":"0800"},{"start":"1000","end":"1800"}],"segments":[]},{"days":[5],"open":[{"start":"0700","end":"0800"},{"start":"1000","end":"1800"},{"start":"2000","end":"2100"}],"segments":[]},{"days":[6],"open":[{"start":"0900","end":"2100"}],"segments":[]},{"days":[7],"open":[{"start":"0800","end":"1900"}],"segments":[]},{"days":[1],"open":[{"start":"0700","end":"1100"},{"start":"1300","end":"2100"}],"segments":[]}]}}}