{"meta":{"code":200,"requestId":"58756b5b4434b95ecf2e99b4"},"response":{"hours":{"timeframes":[{"days":[1,2,3,4],"includesToday":true,"open":[{"start":"0500","end":"1430"}],"segments":[]},{"days":[5,6],"open":[{"start":"0500","end":"1500"}],"segments":[]}]},"popular":{"timeframes":[{"days":[2],"includesToday":true,"open":[{"start":"0600","end":"1400"}],"segments":[]},{"days":[3],"open":[{"start":"0800","end":"1400"}],"segments":[]},{"days":[4],"open":[{"start":"0700","end":"1400"}],"segments":[]},{"days":[5,6],"open":[{"start":"0800","end":"1400"}],"segments":[]},{"days":[7],"open":[{"start":"0600","end":"1500"}],"segments":[]},{"days":[1],"open":[{"start":"0900","end":"1400"}],"segments":[]}]}}}