{"meta":{"code":200,"requestId":"58756b6b6a607123ccc26520"},"response":{"hours":{"timeframes":[{"days":[1,2,3,4,5,6],"includesToday":true,"open":[{"start":"0600","end":"2300"}],"segments":[]},{"days":[7],"open":[{"start":"0630","end":"2300"}],"segments":[]}]},"popular":{"timeframes":[{"days":[2],"includesToday":true,"open":[{"start":"1000","end":"1300"}],"segments":[]},{"days":[3],"open":[{"start":"1000","end":"1300"},{"start":"1800","end":"2300"}],"segments":[]},{"days":[4],"open":[{"start":"0800","end":"1300"}],"segments":[]},{"days":[5],"open":[{"start":"0800","end":"1400"},{"start":"1700","end":"2000"}],"segments":[]},{"days":[6],"open":[{"start":"0700","end":"1600"},{"start":"1800","end":"2300"}],"segments":[]},{"days":[7],"open":[{"start":"0800","end":"1500"},{"start":"1800","end":"2000"}],"segments":[]},{"days":[1],"open":[{"start":"0800","end":"1400"}],"segments":[]}]}}}