{"meta":{"code":200,"requestId":"58756b4b4c1f6765ecdfe5da"},"response":{"hours":{"timeframes":[{"days":[2,3,4,5],"includesToday":true,"open":[{"start":"1130","end":"1400"},{"start":"1500","end":"2100"}],"segments":[]},{"days":[6],"open":[{"start":"1130","end":"2100"}],"segments":[]},{"days":[7],"open":[{"start":"1100","end":"2100"}],"segments":[]}]},"popular":{"timeframes":[{"days":[2],"includesToday":true,"open":[{"start":"1100","end":"1300"},{"start":"1600","end":"2000"}],"segments":[]},{"days":[3],"open":[{"start":"1100","end":"1500"},{"start":"1800","end":"2000"}],"segments":[]},{"days":[4],"open":[{"start":"1100","end":"1300"},{"start":"1500","end":"2000"}],"segments":[]},{"days":[5],"open":[{"start":"1200","end":"2200"}],"segments":[]},{"days":[6],"open":[{"start":"0500","end":"0600"},{"start":"1100","end":"2100"}],"segments":[]},{"days":[7],"open":[{"start":"0600","end":"0700"},{"start":"1000","end":"2100"}],"segments":[]},{"days":[1],"open":[],"segments":[]}]}}}