{"meta":{"code":200,"requestId":"58756b68dd579728b4c90f73"},"response":{"hours":{},"popular":{"timeframes":[{"days":[2],"includesToday":true,"open":[],"segments":[]},{"days":[3],"open":[],"segments":[]},{"days":[4],"open":[{"start":"1100","end":"1400"},{"start":"1700","end":"1900"}],"segments":[]},{"days":[5],"open":[{"start":"1100","end":"1500"}],"segments":[]},{"days":[6],"open":[{"start":"0800","end":"1500"}],"segments":[]},{"days":[7],"open":[{"start":"0900","end":"1600"}],"segments":[]},{"days":[1],"open":[],"segments":[]}]}}}