{"meta":{"code":200,"requestId":"58756b5c6a607123cff5e50b"},"response":{"hours":{},"popular":{"timeframes":[{"days":[2],"includesToday":true,"open":[{"start":"1200","end":"1300"},{"start":"1500","end":"1800"}],"segments":[]},{"days":[3],"open":[{"start":"0800","end":"0900"},{"start":"1300","end":"1800"}],"segments":[]},{"days":[4],"open":[{"start":"0900","end":"1000"},{"start":"1200","end":"1600"}],"segments":[]},{"days":[5,6],"open":[{"start":"0800","end":"2000"}],"segments":[]},{"days":[7],"open":[{"start":"0800","end":"1900"}],"segments":[]},{"days":[1],"open":[{"start":"1000","end":"1800"}],"segments":[]}]}}}