{"meta":{"code":200,"requestId":"58756b52dd5797289e307716"},"response":{"hours":{"timeframes":[{"days":[1,2,3,4,5,6],"includesToday":true,"open":[{"start":"0430","end":"2230"}],"segments":[]},{"days":[7],"open":[{"start":"0530","end":"2230"}],"segments":[]}]},"popular":{"timeframes":[{"days":[2],"includesToday":true,"open":[{"start":"0500","end":"1500"}],"segments":[]},{"days":[3],"open":[{"start":"0600","end":"1000"},{"start":"1200","end":"1600"}],"segments":[]},{"days":[4],"open":[{"start":"0500","end":"1600"}],"segments":[]},{"days":[5],"open":[{"start":"0600","end":"1600"}],"segments":[]},{"days":[6],"open":[{"start":"0600","end":"1800"}],"segments":[]},{"days":[7],"open":[{"start":"0700","end":"1600"}],"segments":[]},{"days":[1],"open":[{"start":"0500","end":"1000"},{"start":"1200","end":"1500"}],"segments":[]}]}}}