{"meta":{"code":200,"requestId":"58756b3cdd579728a0f265b5"},"response":{"hours":{},"popular":{"timeframes":[{"days":[2],"includesToday":true,"open":[{"start":"0800","end":"1400"}],"segments":[]},{"days":[3],"open":[{"start":"0900","end":"1400"}],"segments":[]},{"days":[4],"open":[{"start":"0700","end":"1300"}],"segments":[]},{"days":[5],"open":[{"start":"0800","end":"1400"}],"segments":[]},{"days":[6,7],"open":[{"start":"0700","end":"1400"}],"segments":[]},{"days":[1],"open":[{"start":"0800","end":"1300"}],"segments":[]}]}}}