{"meta":{"code":200,"requestId":"58756b521ed2196710c0463e"},"response":{"hours":{"timeframes":[{"days":[1],"open":[{"start":"1730","end":"2100"}],"segments":[]},{"days":[2,3,4],"includesToday":true,"open":[{"start":"1130","end":"2100"}],"segments":[]},{"days":[5],"open":[{"start":"1130","end":"2130"}],"segments":[]},{"days":[6],"open":[{"start":"1700","end":"2130"}],"segments":[]},{"days":[7],"open":[{"start":"1700","end":"2100"}],"segments":[]}]},"popular":{"timeframes":[{"days":[2],"includesToday":true,"open":[{"start":"0600","end":"0700"},{"start":"1700","end":"2100"}],"segments":[]},{"days":[3],"open":[{"start":"0600","end":"0700"},{"start":"1700","end":"2100"}],"segments":[]},{"days":[4],"open":[{"start":"0600","end":"0700"},{"start":"1800","end":"2000"}],"segments":[]},{"days":[5],"open":[{"start":"0600","end":"0700"},{"start":"1700","end":"2200"}],"segments":[]},{"days":[6],"open":[{"start":"0700","end":"0900"},{"start":"1300","end":"1400"},{"start":"1700","end":"2100"}],"segments":[]},{"days":[7],"open":[{"start":"0700","end":"0900"},{"start":"1700","end":"2100"}],"segments":[]},{"days":[1],"open":[{"start":"0600","end":"0700"},{"start":"1900","end":"2100"}],"segments":[]}]}}}