{"meta":{"code":200,"requestId":"58756b5a9fb6b7457983d0ce"},"response":{"hours":{"timeframes":[{"days":[1,2,3,4,5,6,7],"includesToday":true,"open":[{"start":"1130","end":"2230"}],"segments":[]}]},"popular":{"timeframes":[{"days":[2],"includesToday":true,"open":[{"start":"1200","end":"1300"},{"start":"1500","end":"2200"}],"segments":[]},{"days":[3],"open":[{"start":"1200","end":"1500"},{"start":"1800","end":"2200"}],"segments":[]},{"days":[4],"open":[{"start":"1100","end":"1500"},{"start":"1700","end":"2200"}],"segments":[]},{"days":[5],"open":[{"start":"1100","end":"2300"}],"segments":[]},{"days":[6],"open":[{"start":"1100","end":"2200"}],"segments":[]},{"days":[7],"open":[{"start":"1200","end":"1300"},{"start":"1500","end":"1600"},{"start":"1800","end":"2200"}],"segments":[]},{"days":[1],"open":[{"start":"1100","end":"2100"}],"segments":[]}]}}}