{"meta":{"code":200,"requestId":"58756b57f594df2a45cc0ea6"},"response":{"hours":{"timeframes":[{"days":[1,2,3,4,5],"includesToday":true,"open":[{"start":"0630","end":"2000"}],"segments":[]},{"days":[6],"open":[{"start":"0700","end":"1800"}],"segments":[]},{"days":[7],"open":[{"start":"0700","end":"1600"}],"segments":[]}]},"popular":{"timeframes":[{"days":[2],"includesToday":true,"open":[{"start":"0600","end":"0700"},{"start":"1100","end":"2000"}],"segments":[]},{"days":[3],"open":[{"start":"0600","end":"0700"},{"start":"1100","end":"1500"},{"start":"1800","end":"2000"}],"segments":[]},{"days":[4],"open":[{"start":"0600","end":"0700"},{"start":"1100","end":"2000"}],"segments":[]},{"days":[5],"open":[{"start":"0600","end":"0700"},{"start":"1100","end":"1600"},{"start":"1800","end":"2000"}],"segments":[]},{"days":[6],"open":[{"start":"0600","end":"0700"},{"start":"1100","end":"1700"}],"segments":[]},{"days":[7],"open":[{"start":"0800","end":"1500"}],"segments":[]},{"days":[1],"open":[{"start":"0600","end":"0700"},{"start":"1200","end":"1600"},{"start":"1900","end":"2000"}],"segments":[]}]}}}