{"meta":{"code":200,"requestId":"58756b3e4434b95eb4184e5e"},"response":{"hours":{"timeframes":[{"days":[1,2,3,4,5,6],"includesToday":true,"open":[{"start":"0430","end":"2130"}],"segments":[]},{"days":[7],"open":[{"start":"0500","end":"2130"}],"segments":[]}]},"popular":{"timeframes":[{"days":[2],"includesToday":true,"open":[{"start":"0400","end":"1300"}],"segments":[]},{"days":[3],"open":[{"start":"0400","end":"1000"},{"start":"1200","end":"1300"}],"segments":[]},{"days":[4],"open":[{"start":"0400","end":"1500"}],"segments":[]},{"days":[5],"open":[{"start":"0400","end":"1300"}],"segments":[]},{"days":[6],"open":[{"start":"0400","end":"0500"},{"start":"0700","end":"1800"}],"segments":[]},{"days":[7],"open":[{"start":"0400","end":"1800"}],"segments":[]},{"days":[1],"open":[{"start":"0600","end":"1300"},{"start":"1500","end":"1600"}],"segments":[]}]}}}