{"meta":{"code":200,"requestId":"58756b451ed219670f9a39e2"},"response":{"hours":{"timeframes":[{"days":[1,2,3,4,5],"includesToday":true,"open":[{"start":"1100","end":"2000"}],"segments":[]},{"days":[6],"open":[{"start":"1100","end":"2100"}],"segments":[]},{"days":[7],"open":[{"start":"1000","end":"2000"}],"segments":[]}]},"popular":{"timeframes":[{"days":[2],"includesToday":true,"open":[{"start":"1400","end":"1900"}],"segments":[]},{"days":[3],"open":[{"start":"1500","end":"2000"}],"segments":[]},{"days":[4],"open":[{"start":"1400","end":"2100"}],"segments":[]},{"days":[5],"open":[{"start":"1300","end":"2100"}],"segments":[]},{"days":[6],"open":[{"start":"1100","end":"2100"}],"segments":[]},{"days":[7],"open":[{"start":"1000","end":"2000"}],"segments":[]},{"days":[1],"open":[{"start":"1400","end":"2000"}],"segments":[]}]}}}