{"meta":{"code":200,"requestId":"58756b53db04f5158c022c2f"},"response":{"hours":{},"popular":{"timeframes":[{"days":[2],"includesToday":true,"open":[{"start":"0700","end":"1400"},{"start":"1700","end":"2100"}],"segments":[]},{"days":[3],"open":[{"start":"0900","end":"1400"},{"start":"1600","end":"2100"}],"segments":[]},{"days":[4],"open":[{"start":"0700","end":"1000"},{"start":"1400","end":"1500"},{"start":"1700","end":"2000"}],"segments":[]},{"days":[5],"open":[{"start":"0600","end":"1000"},{"start":"1300","end":"2200"}],"segments":[]},{"days":[6],"open":[{"start":"0900","end":"2100"}],"segments":[]},{"days":[7],"open":[{"start":"0900","end":"1600"},{"start":"2000","end":"2100"}],"segments":[]},{"days":[1],"open":[{"start":"0700","end":"1300"},{"start":"1700","end":"2100"}],"segments":[]}]}}}