{"meta":{"code":200,"requestId":"58756b5fdb04f5158e1cb6d6"},"response":{"hours":{"timeframes":[{"days":[1,2,3,4],"includesToday":true,"open":[{"start":"1730","end":"2100"}],"segments":[]},{"days":[5,6],"open":[{"start":"1730","end":"2200"}],"segments":[]},{"days":[7],"open":[{"start":"1000","end":"2100"}],"segments":[]}]},"popular":{"timeframes":[{"days":[2],"includesToday":true,"open":[{"start":"1800","end":"2200"}],"segments":[]},{"days":[3,4],"open":[{"start":"1800","end":"2200"}],"segments":[]},{"days":[5],"open":[{"start":"1800","end":"2300"}],"segments":[]},{"days":[6],"open":[{"start":"1600","end":"2300"}],"segments":[]},{"days":[7],"open":[{"start":"0900","end":"2200"}],"segments":[]},{"days":[1],"open":[{"start":"1700","end":"2100"}],"segments":[]}]}}}