{"meta":{"code":200,"requestId":"58756b609fb6b7457983eb3e"},"response":{"hours":{"timeframes":[{"days":[1,2,3,4,7],"includesToday":true,"open":[{"start":"0700","end":"2100"}],"segments":[]},{"days":[5,6],"open":[{"start":"0700","end":"2200"}],"segments":[]}]},"popular":{"timeframes":[{"days":[2],"includesToday":true,"open":[{"start":"1800","end":"2000"}],"segments":[]},{"days":[3],"open":[{"start":"0900","end":"1000"},{"start":"1200","end":"1400"},{"start":"1800","end":"2100"}],"segments":[]},{"days":[4],"open":[{"start":"0900","end":"1000"},{"start":"1200","end":"1300"},{"start":"1800","end":"2100"}],"segments":[]},{"days":[5],"open":[{"start":"0900","end":"1100"},{"start":"1600","end":"2200"}],"segments":[]},{"days":[6],"open":[{"start":"0800","end":"2200"}],"segments":[]},{"days":[7],"open":[{"start":"0800","end":"1500"},{"start":"1700","end":"2000"}],"segments":[]},{"days":[1],"open":[{"start":"0900","end":"1300"},{"start":"1800","end":"2100"}],"segments":[]}]}}}