{"meta":{"code":200,"requestId":"58756b454c1f6765ecdfc5aa"},"response":{"hours":{},"popular":{"timeframes":[{"days":[2],"includesToday":true,"open":[{"start":"1400","end":"1500"}],"segments":[]},{"days":[3],"open":[{"start":"1200","end":"1600"}],"segments":[]},{"days":[4],"open":[{"start":"1200","end":"1400"}],"segments":[]},{"days":[5],"open":[{"start":"1200","end":"2000"}],"segments":[]},{"days":[6],"open":[{"start":"1100","end":"2100"}],"segments":[]},{"days":[7],"open":[{"start":"1000","end":"2000"}],"segments":[]},{"days":[1],"open":[{"start":"1200","end":"1900"}],"segments":[]}]}}}