{"meta":{"code":200,"requestId":"58756b701ed219670e173e0c"},"response":{"hours":{"timeframes":[{"days":[1,2,3,4,5,6],"includesToday":true,"open":[{"start":"1100","end":"+0100"}],"segments":[]},{"days":[7],"open":[{"start":"1100","end":"+0000"}],"segments":[]}]},"popular":{"timeframes":[{"days":[2],"includesToday":true,"open":[{"start":"1600","end":"2300"}],"segments":[]},{"days":[3],"open":[{"start":"1300","end":"1400"},{"start":"1700","end":"2300"}],"segments":[]},{"days":[4],"open":[{"start":"1200","end":"1300"},{"start":"1700","end":"+0000"}],"segments":[]},{"days":[5,6],"open":[{"start":"1200","end":"+0100"}],"segments":[]},{"days":[7],"open":[{"start":"1200","end":"2300"}],"segments":[]},{"days":[1],"open":[{"start":"1700","end":"2300"}],"segments":[]}]}}}