{"meta":{"code":200,"requestId":"58756b4a4434b95ee8b438fb"},"response":{"hours":{"timeframes":[{"days":[1,2,3,4,7],"includesToday":true,"open":[{"start":"0600","end":"2300"}],"segments":[]},{"days":[5,6],"open":[{"start":"0600","end":"+0000"}],"segments":[]}]},"popular":{"timeframes":[{"days":[2],"includesToday":true,"open":[{"start":"1000","end":"1300"}],"segments":[]},{"days":[3],"open":[{"start":"0900","end":"2000"},{"start":"2200","end":"2300"}],"segments":[]},{"days":[4],"open":[{"start":"0900","end":"1500"},{"start":"1700","end":"1800"},{"start":"2100","end":"2200"}],"segments":[]},{"days":[5],"open":[{"start":"0800","end":"1400"},{"start":"1600","end":"2200"}],"segments":[]},{"days":[6],"open":[{"start":"0800","end":"1600"},{"start":"2100","end":"2200"}],"segments":[]},{"days":[7],"open":[{"start":"0600","end":"1900"},{"start":"2100","end":"2200"}],"segments":[]},{"days":[1],"open":[{"start":"0900","end":"1400"},{"start":"1900","end":"2000"}],"segments":[]}]}}}