{"meta":{"code":200,"requestId":"58756b4f6a607123cd0d37d0"},"response":{"hours":{"timeframes":[{"days":[1,2,3,4,7],"includesToday":true,"open":[{"start":"0700","end":"+0100"}],"segments":[]},{"days":[5,6],"open":[{"start":"0700","end":"+0200"}],"segments":[]}]},"popular":{"timeframes":[{"days":[2],"includesToday":true,"open":[{"start":"1600","end":"2200"}],"segments":[]},{"days":[3],"open":[{"start":"0000","end":"+0200"}],"segments":[]},{"days":[4],"open":[{"start":"0100","end":"+0200"}],"segments":[]},{"days":[5],"open":[{"start":"1200","end":"1400"},{"start":"1600","end":"2200"}],"segments":[]},{"days":[6],"open":[{"start":"0200","end":"+0300"}],"segments":[]},{"days":[7],"open":[{"start":"0700","end":"0900"},{"start":"1100","end":"1800"},{"start":"2000","end":"2300"}],"segments":[]},{"days":[1],"open":[{"start":"1200","end":"2000"}],"segments":[]}]}}}