{"meta":{"code":200,"requestId":"58756b4ddb04f5158913e5b5"},"response":{"hours":{"timeframes":[{"days":[1,2,3,4,5,6,7],"includesToday":true,"open":[{"start":"0700","end":"1500"}],"segments":[]}]},"popular":{"timeframes":[{"days":[2],"includesToday":true,"open":[{"start":"0600","end":"0700"},{"start":"0900","end":"1500"}],"segments":[]},{"days":[3],"open":[{"start":"0600","end":"0700"},{"start":"0900","end":"1000"},{"start":"1200","end":"1300"}],"segments":[]},{"days":[4,5],"open":[{"start":"0600","end":"1400"}],"segments":[]},{"days":[6],"open":[{"start":"0700","end":"1500"}],"segments":[]},{"days":[7],"open":[{"start":"0700","end":"1400"}],"segments":[]},{"days":[1],"open":[{"start":"0600","end":"1400"}],"segments":[]}]}}}