{"meta":{"code":200,"requestId":"58756778dd579728a0e0afb8"},"response":{"hours":{"timeframes":[{"days":[3,4,5,6,7],"open":[{"start":"1200","end":"1630"},{"start":"1830","end":"2100"}],"segments":[]}]},"popular":{"timeframes":[{"days":[2],"includesToday":true,"open":[],"segments":[]},{"days":[3,4],"open":[{"start":"1200","end":"1600"},{"start":"1800","end":"2100"}],"segments":[]},{"days":[5],"open":[{"start":"1200","end":"2100"}],"segments":[]},{"days":[6],"open":[{"start":"1100","end":"2100"}],"segments":[]},{"days":[7],"open":[{"start":"1200","end":"2100"}],"segments":[]},{"days":[1],"open":[],"segments":[]}]}}}