{"meta":{"code":200,"requestId":"587564a16a607123cded6480"},"response":{"hours":{},"popular":{"timeframes":[{"days":[2],"includesToday":true,"open":[{"start":"0600","end":"0700"},{"start":"1600","end":"2200"}],"segments":[]},{"days":[3],"open":[{"start":"1500","end":"2200"}],"segments":[]},{"days":[4],"open":[{"start":"0600","end":"0700"},{"start":"1400","end":"2100"}],"segments":[]},{"days":[5],"open":[{"start":"1400","end":"2200"}],"segments":[]},{"days":[6,7],"open":[{"start":"1200","end":"2200"}],"segments":[]},{"days":[1],"open":[{"start":"1400","end":"2000"}],"segments":[]}]}}}