{"meta":{"code":200,"requestId":"58756989f594df2a11613f28"},"response":{"hours":{"timeframes":[{"days":[1,2,3,4],"includesToday":true,"open":[{"start":"1100","end":"2300"}],"segments":[]},{"days":[5],"open":[{"start":"1100","end":"2330"}],"segments":[]},{"days":[6],"open":[{"start":"1030","end":"2330"}],"segments":[]},{"days":[7],"open":[{"start":"1030","end":"2300"}],"segments":[]}]},"popular":{"timeframes":[{"days":[2],"includesToday":true,"open":[{"start":"1800","end":"2100"}],"segments":[]},{"days":[3],"open":[{"start":"1900","end":"2100"}],"segments":[]},{"days":[4],"open":[{"start":"1900","end":"2200"}],"segments":[]},{"days":[5],"open":[{"start":"1200","end":"1400"},{"start":"1800","end":"2200"}],"segments":[]},{"days":[6],"open":[{"start":"1000","end":"1600"},{"start":"1800","end":"2300"}],"segments":[]},{"days":[7],"open":[{"start":"1000","end":"2200"}],"segments":[]},{"days":[1],"open":[{"start":"1200","end":"1500"},{"start":"1900","end":"2100"}],"segments":[]}]}}}