{"meta":{"code":200,"requestId":"58756286351e3d6561692e3f"},"response":{"hours":{"timeframes":[{"days":[4,5,6,7],"open":[{"start":"1200","end":"2000"}],"segments":[]}]},"popular":{"timeframes":[{"days":[2],"includesToday":true,"open":[],"segments":[]},{"days":[3],"open":[{"start":"1400","end":"1500"}],"segments":[]},{"days":[4],"open":[{"start":"1200","end":"1900"}],"segments":[]},{"days":[5,6,7],"open":[{"start":"1200","end":"2000"}],"segments":[]},{"days":[1],"open":[{"start":"1300","end":"1400"}],"segments":[]}]}}}