{"meta":{"code":200,"requestId":"587565586a607123ca965a9b"},"response":{"hours":{"timeframes":[{"days":[1,2,3,4,7],"includesToday":true,"open":[{"start":"1800","end":"+0200"}],"segments":[]},{"days":[5,6],"open":[{"start":"1800","end":"+0400"}],"segments":[]}]},"popular":{"timeframes":[{"days":[2],"includesToday":true,"open":[{"start":"1800","end":"+0000"}],"segments":[]},{"days":[3],"open":[{"start":"1800","end":"+0100"}],"segments":[]},{"days":[4],"open":[{"start":"0800","end":"0900"},{"start":"1900","end":"+0100"}],"segments":[]},{"days":[5],"open":[{"start":"0800","end":"0900"},{"start":"1900","end":"+0200"}],"segments":[]},{"days":[6],"open":[{"start":"1800","end":"+0300"}],"segments":[]},{"days":[7],"open":[{"start":"1900","end":"+0100"}],"segments":[]},{"days":[1],"open":[{"start":"2000","end":"+0000"}],"segments":[]}]}}}