{"meta":{"code":200,"requestId":"5875641cdd579728a0d05c6a"},"response":{"hours":{},"popular":{"timeframes":[{"days":[2],"includesToday":true,"open":[{"start":"1200","end":"1400"},{"start":"1800","end":"+0000"}],"segments":[]},{"days":[3],"open":[{"start":"1800","end":"+0000"}],"segments":[]},{"days":[4],"open":[{"start":"1200","end":"1500"},{"start":"1800","end":"+0000"}],"segments":[]},{"days":[5],"open":[{"start":"1200","end":"1500"},{"start":"1800","end":"+0100"}],"segments":[]},{"days":[6],"open":[{"start":"1200","end":"+0200"}],"segments":[]},{"days":[7],"open":[{"start":"1200","end":"2300"}],"segments":[]},{"days":[1],"open":[{"start":"1300","end":"+0000"}],"segments":[]}]}}}