{"meta":{"code":200,"requestId":"587567dbdd579728be78d7a7"},"response":{"hours":{},"popular":{"timeframes":[{"days":[2],"includesToday":true,"open":[{"start":"1900","end":"2300"}],"segments":[]},{"days":[3],"open":[{"start":"1900","end":"2300"}],"segments":[]},{"days":[4],"open":[{"start":"1900","end":"+0000"}],"segments":[]},{"days":[5],"open":[{"start":"1800","end":"+0100"}],"segments":[]},{"days":[6],"open":[{"start":"1100","end":"+0200"}],"segments":[]},{"days":[7],"open":[{"start":"1100","end":"+0000"}],"segments":[]},{"days":[1],"open":[{"start":"2000","end":"+0000"}],"segments":[]}]}}}