{"meta":{"code":200,"requestId":"587569b2db04f515890c717c"},"response":{"hours":{"timeframes":[{"days":[1,2,3,4,5,6,7],"includesToday":true,"open":[{"start":"0730","end":"1830"}],"segments":[]}]},"popular":{"timeframes":[{"days":[2],"includesToday":true,"open":[{"start":"1000","end":"1800"}],"segments":[]},{"days":[3,4],"open":[{"start":"1100","end":"1800"}],"segments":[]},{"days":[5],"open":[{"start":"1100","end":"1700"}],"segments":[]},{"days":[6],"open":[{"start":"1100","end":"1800"}],"segments":[]},{"days":[7],"open":[{"start":"1100","end":"1900"}],"segments":[]},{"days":[1],"open":[{"start":"1100","end":"1600"}],"segments":[]}]}}}