{"meta":{"code":200,"requestId":"587567ddf594df2a2b18068b"},"response":{"hours":{"timeframes":[{"days":[2,3,4,5],"includesToday":true,"open":[{"start":"1200","end":"2230"}],"segments":[]},{"days":[6],"open":[{"start":"1030","end":"2230"}],"segments":[]},{"days":[7],"open":[{"start":"1030","end":"2200"}],"segments":[]}]},"popular":{"timeframes":[{"days":[2],"includesToday":true,"open":[{"start":"1800","end":"2200"}],"segments":[]},{"days":[3,4],"open":[{"start":"1800","end":"2200"}],"segments":[]},{"days":[5],"open":[{"start":"1800","end":"2300"}],"segments":[]},{"days":[6],"open":[{"start":"1200","end":"2300"}],"segments":[]},{"days":[7],"open":[{"start":"1200","end":"2200"}],"segments":[]},{"days":[1],"open":[],"segments":[]}]}}}