{"meta":{"code":200,"requestId":"587564564434b95eb2dbff70"},"response":{"hours":{"timeframes":[{"days":[1,2,3,4],"includesToday":true,"open":[{"start":"0730","end":"2300"}],"segments":[]},{"days":[5],"open":[{"start":"0730","end":"+0100"}],"segments":[]},{"days":[6],"open":[{"start":"0800","end":"+0100"}],"segments":[]},{"days":[7],"open":[{"start":"0800","end":"2300"}],"segments":[]}]},"popular":{"timeframes":[{"days":[2],"includesToday":true,"open":[{"start":"0900","end":"1000"},{"start":"1200","end":"1400"},{"start":"2100","end":"2200"}],"segments":[]},{"days":[3],"open":[{"start":"0700","end":"1000"},{"start":"1200","end":"1300"},{"start":"1600","end":"1700"},{"start":"1900","end":"2200"}],"segments":[]},{"days":[4],"open":[{"start":"0800","end":"0900"},{"start":"1200","end":"1600"},{"start":"1800","end":"2300"}],"segments":[]},{"days":[5],"open":[{"start":"1400","end":"1700"},{"start":"1900","end":"+0000"}],"segments":[]},{"days":[6],"open":[{"start":"1100","end":"+0000"}],"segments":[]},{"days":[7],"open":[{"start":"1000","end":"2300"}],"segments":[]},{"days":[1],"open":[{"start":"0800","end":"1000"},{"start":"1200","end":"1300"},{"start":"1900","end":"2200"}],"segments":[]}]}}}