{"meta":{"code":200,"requestId":"5875626ef594df2a102ae73c"},"response":{"hours":{},"popular":{"timeframes":[{"days":[2],"includesToday":true,"open":[{"start":"1400","end":"1800"}],"segments":[]},{"days":[3],"open":[{"start":"1400","end":"1700"}],"segments":[]},{"days":[4],"open":[{"start":"1100","end":"1600"}],"segments":[]},{"days":[5],"open":[{"start":"1200","end":"1700"},{"start":"1900","end":"2200"}],"segments":[]},{"days":[6],"open":[{"start":"1100","end":"2200"}],"segments":[]},{"days":[7],"open":[{"start":"1200","end":"2000"}],"segments":[]},{"days":[1],"open":[{"start":"1200","end":"1900"}],"segments":[]}]}}}