{"meta":{"code":200,"requestId":"587569f1dd579728bbf571e8"},"response":{"hours":{"timeframes":[{"days":[1,4],"open":[{"start":"1530","end":"2230"}],"segments":[]},{"days":[5,6],"open":[{"start":"1530","end":"2300"}],"segments":[]},{"days":[7],"open":[{"start":"1530","end":"2200"}],"segments":[]}]},"popular":{"timeframes":[{"days":[2],"includesToday":true,"open":[],"segments":[]},{"days":[3],"open":[{"start":"1100","end":"1200"},{"start":"1600","end":"2200"}],"segments":[]},{"days":[4],"open":[{"start":"1600","end":"2200"}],"segments":[]},{"days":[5],"open":[{"start":"1700","end":"2300"}],"segments":[]},{"days":[6],"open":[{"start":"1500","end":"2300"}],"segments":[]},{"days":[7],"open":[{"start":"1500","end":"2100"}],"segments":[]},{"days":[1],"open":[],"segments":[]}]}}}