{"meta":{"code":200,"requestId":"58756572351e3d655d505f6b"},"response":{"hours":{"timeframes":[{"days":[1,2,3,4,5],"includesToday":true,"open":[{"start":"0800","end":"+0730"}],"segments":[]},{"days":[6],"open":[{"start":"1000","end":"+0730"}],"segments":[]},{"days":[7],"open":[{"start":"1000","end":"+0600"}],"segments":[]}]},"popular":{"timeframes":[{"days":[2],"includesToday":true,"open":[{"start":"1100","end":"2000"}],"segments":[]},{"days":[3],"open":[{"start":"1200","end":"1900"}],"segments":[]},{"days":[4],"open":[{"start":"0900","end":"2000"}],"segments":[]},{"days":[5],"open":[{"start":"1200","end":"1900"}],"segments":[]},{"days":[6],"open":[{"start":"1000","end":"1800"}],"segments":[]},{"days":[7],"open":[{"start":"1300","end":"1700"}],"segments":[]},{"days":[1],"open":[{"start":"1000","end":"1600"},{"start":"1800","end":"1900"}],"segments":[]}]}}}