{"meta":{"code":200,"requestId":"587569cc6a607123cd063031"},"response":{"hours":{"timeframes":[{"days":[1,2,3,4,5,6,7],"includesToday":true,"open":[{"start":"0400","end":"+0400"}],"segments":[]}]},"popular":{"timeframes":[{"days":[2],"includesToday":true,"open":[{"start":"1000","end":"1300"},{"start":"2300","end":"+0100"}],"segments":[]},{"days":[3],"open":[{"start":"1000","end":"1100"},{"start":"2100","end":"2200"}],"segments":[]},{"days":[4],"open":[{"start":"1000","end":"1100"}],"segments":[]},{"days":[5],"open":[{"start":"0000","end":"+0100"}],"segments":[]},{"days":[6],"open":[{"start":"0200","end":"+0300"}],"segments":[]},{"days":[7],"open":[{"start":"0000","end":"+0100"}],"segments":[]},{"days":[1],"open":[{"start":"0900","end":"1200"}],"segments":[]}]}}}