{"meta":{"code":200,"requestId":"587568c8dd579728a0e6f978"},"response":{"hours":{},"popular":{"timeframes":[{"days":[2],"includesToday":true,"open":[{"start":"1100","end":"1200"},{"start":"1800","end":"2100"}],"segments":[]},{"days":[3],"open":[{"start":"1000","end":"1100"},{"start":"1800","end":"1900"},{"start":"2300","end":"+0100"}],"segments":[]},{"days":[4],"open":[{"start":"1000","end":"1300"},{"start":"1800","end":"2100"}],"segments":[]},{"days":[5],"open":[{"start":"0900","end":"1500"},{"start":"1800","end":"+0300"}],"segments":[]},{"days":[6],"open":[{"start":"0900","end":"+0200"}],"segments":[]},{"days":[7],"open":[{"start":"0900","end":"2000"},{"start":"2300","end":"+0000"}],"segments":[]},{"days":[1],"open":[{"start":"1000","end":"1300"},{"start":"1800","end":"1900"}],"segments":[]}]}}}