{"meta":{"code":200,"requestId":"587567b24c1f6766220a0416"},"response":{"hours":{},"popular":{"timeframes":[{"days":[2],"includesToday":true,"open":[{"start":"0500","end":"1100"}],"segments":[]},{"days":[3],"open":[{"start":"0500","end":"1200"},{"start":"1500","end":"1600"}],"segments":[]},{"days":[4],"open":[{"start":"0500","end":"1000"},{"start":"1200","end":"1400"}],"segments":[]},{"days":[5],"open":[{"start":"0500","end":"1200"}],"segments":[]},{"days":[6],"open":[{"start":"0500","end":"0600"},{"start":"1200","end":"1500"}],"segments":[]},{"days":[7],"open":[{"start":"0500","end":"0600"},{"start":"1300","end":"1500"}],"segments":[]},{"days":[1],"open":[{"start":"0500","end":"0600"},{"start":"0800","end":"1300"},{"start":"1500","end":"1600"}],"segments":[]}]}}}