{"meta":{"code":200,"requestId":"587565774c1f6765eed0fa67"},"response":{"hours":{},"popular":{"timeframes":[{"days":[2],"includesToday":true,"open":[{"start":"0600","end":"1000"},{"start":"1700","end":"1800"}],"segments":[]},{"days":[3,4],"open":[{"start":"0600","end":"1000"},{"start":"1500","end":"1800"}],"segments":[]},{"days":[5],"open":[{"start":"0600","end":"1000"},{"start":"1300","end":"1600"}],"segments":[]},{"days":[6],"open":[{"start":"0700","end":"1500"}],"segments":[]},{"days":[7],"open":[{"start":"0900","end":"1800"}],"segments":[]},{"days":[1],"open":[{"start":"0600","end":"1000"},{"start":"1300","end":"1700"}],"segments":[]}]}}}