{"meta":{"code":200,"requestId":"58756709db04f51589ffcbfa"},"response":{"hours":{"timeframes":[{"days":[1,2,3,4,5],"includesToday":true,"open":[{"start":"0530","end":"2300"}],"segments":[]},{"days":[6,7],"open":[{"start":"0630","end":"2300"}],"segments":[]}]},"popular":{"timeframes":[{"days":[2],"includesToday":true,"open":[{"start":"0800","end":"0900"},{"start":"1200","end":"2200"}],"segments":[]},{"days":[3],"open":[{"start":"0800","end":"2200"}],"segments":[]},{"days":[4],"open":[{"start":"0800","end":"0900"},{"start":"1200","end":"2200"}],"segments":[]},{"days":[5],"open":[{"start":"0800","end":"1800"},{"start":"2000","end":"2200"}],"segments":[]},{"days":[6],"open":[{"start":"0900","end":"2200"}],"segments":[]},{"days":[7],"open":[{"start":"1000","end":"2200"}],"segments":[]},{"days":[1],"open":[{"start":"0800","end":"0900"},{"start":"1200","end":"1500"},{"start":"1700","end":"2300"}],"segments":[]}]}}}