{"meta":{"code":200,"requestId":"587568bc9fb6b7455ef65ffa"},"response":{"hours":{},"popular":{"timeframes":[{"days":[2],"includesToday":true,"open":[{"start":"1500","end":"1600"},{"start":"1800","end":"2300"}],"segments":[]},{"days":[3,4],"open":[{"start":"1700","end":"2300"}],"segments":[]},{"days":[5],"open":[{"start":"1500","end":"2300"}],"segments":[]},{"days":[6],"open":[{"start":"1300","end":"+0000"}],"segments":[]},{"days":[7],"open":[{"start":"1300","end":"2300"}],"segments":[]},{"days":[1],"open":[{"start":"1500","end":"2300"}],"segments":[]}]}}}