{"meta":{"code":200,"requestId":"58756afd4c1f676608657407"},"response":{"hours":{"timeframes":[{"days":[1,2,3,4,5],"includesToday":true,"open":[{"start":"0700","end":"2200"}],"segments":[]},{"days":[6,7],"open":[{"start":"0900","end":"2200"}],"segments":[{"start":"0900","end":"1600","label":"Brunch"},{"start":"1800","end":"2200","label":"Dinner"}]}]},"popular":{"timeframes":[{"days":[2],"includesToday":true,"open":[{"start":"0800","end":"1100"}],"segments":[]},{"days":[3],"open":[{"start":"0800","end":"1000"},{"start":"1900","end":"2000"}],"segments":[]},{"days":[4],"open":[{"start":"0800","end":"1300"}],"segments":[]},{"days":[5],"open":[{"start":"0800","end":"1400"},{"start":"1900","end":"2000"}],"segments":[]},{"days":[6,7],"open":[{"start":"0900","end":"1600"}],"segments":[]},{"days":[1],"open":[{"start":"0900","end":"1400"}],"segments":[]}]}}}