{"meta":{"code":200,"requestId":"587569d56a607123cfeecf43"},"response":{"hours":{"timeframes":[{"days":[2,4,5,6,7],"includesToday":true,"open":[{"start":"1300","end":"+0500"}],"segments":[]},{"days":[3],"open":[{"start":"1930","end":"+0500"}],"segments":[]}]},"popular":{"timeframes":[{"days":[2],"includesToday":true,"open":[{"start":"1900","end":"+0100"}],"segments":[]},{"days":[3],"open":[{"start":"1900","end":"+0100"}],"segments":[]},{"days":[4],"open":[{"start":"1800","end":"+0100"}],"segments":[]},{"days":[5],"open":[{"start":"1800","end":"+0300"}],"segments":[]},{"days":[6],"open":[{"start":"1300","end":"+0400"}],"segments":[]},{"days":[7],"open":[{"start":"1300","end":"2300"}],"segments":[]},{"days":[1],"open":[{"start":"1900","end":"+0200"}],"segments":[]}]}}}