{"meta":{"code":200,"requestId":"5875653e4c1f6765ecc32bf3"},"response":{"hours":{"timeframes":[{"days":[2,3,4],"includesToday":true,"open":[{"start":"1400","end":"2200"}],"segments":[]},{"days":[5,6],"open":[{"start":"1200","end":"2300"}],"segments":[]},{"days":[7],"open":[{"start":"1200","end":"2200"}],"segments":[]}]},"popular":{"timeframes":[{"days":[2],"includesToday":true,"open":[{"start":"0500","end":"0600"},{"start":"1800","end":"2200"}],"segments":[]},{"days":[3],"open":[{"start":"0500","end":"0600"},{"start":"1900","end":"2100"}],"segments":[]},{"days":[4],"open":[{"start":"0500","end":"0600"},{"start":"1800","end":"2100"}],"segments":[]},{"days":[5],"open":[{"start":"0500","end":"0600"},{"start":"1700","end":"2200"}],"segments":[]},{"days":[6],"open":[{"start":"0500","end":"0600"},{"start":"1200","end":"2300"}],"segments":[]},{"days":[7],"open":[{"start":"1200","end":"2200"}],"segments":[]},{"days":[1],"open":[{"start":"0400","end":"0600"},{"start":"1800","end":"2000"}],"segments":[]}]}}}