{"meta":{"code":200,"requestId":"5875667f1ed219670f83ef9e"},"response":{"hours":{"timeframes":[{"days":[1,2,3,4,5,6,7],"includesToday":true,"open":[{"start":"1130","end":"+0400"}],"segments":[]}]},"popular":{"timeframes":[{"days":[2],"includesToday":true,"open":[{"start":"1900","end":"2300"}],"segments":[]},{"days":[3],"open":[{"start":"1700","end":"+0000"}],"segments":[]},{"days":[4,5],"open":[{"start":"1800","end":"+0200"}],"segments":[]},{"days":[6],"open":[{"start":"1200","end":"+0200"}],"segments":[]},{"days":[7],"open":[{"start":"1200","end":"2200"}],"segments":[]},{"days":[1],"open":[{"start":"1800","end":"2200"}],"segments":[]}]}}}