{"meta":{"code":200,"requestId":"58756446dd5797289fbab934"},"response":{"hours":{"timeframes":[{"days":[7],"open":[{"start":"1300","end":"2300"}],"segments":[]}]},"popular":{"timeframes":[{"days":[2],"includesToday":true,"open":[{"start":"1800","end":"2100"}],"segments":[]},{"days":[3],"open":[{"start":"1500","end":"1700"},{"start":"1900","end":"2200"}],"segments":[]},{"days":[4],"open":[{"start":"1600","end":"1700"},{"start":"1900","end":"2100"}],"segments":[]},{"days":[5],"open":[{"start":"1400","end":"2300"}],"segments":[]},{"days":[6],"open":[{"start":"1300","end":"2300"}],"segments":[]},{"days":[7],"open":[{"start":"1300","end":"2100"},{"start":"2300","end":"+0000"}],"segments":[]},{"days":[1],"open":[{"start":"1400","end":"1700"},{"start":"2100","end":"2200"}],"segments":[]}]}}}