{"meta":{"code":200,"requestId":"587569984434b95eb410a652"},"response":{"hours":{},"popular":{"timeframes":[{"days":[2],"includesToday":true,"open":[{"start":"0800","end":"0900"}],"segments":[]},{"days":[3],"open":[{"start":"0900","end":"1000"},{"start":"1800","end":"1900"}],"segments":[]},{"days":[4],"open":[{"start":"0900","end":"1200"}],"segments":[]},{"days":[5],"open":[{"start":"0800","end":"1200"},{"start":"2000","end":"2100"}],"segments":[]},{"days":[6],"open":[{"start":"0100","end":"+0400"}],"segments":[]},{"days":[7],"open":[{"start":"0800","end":"1600"}],"segments":[]},{"days":[1],"open":[{"start":"0800","end":"1400"}],"segments":[]}]}}}