{"meta":{"code":200,"requestId":"58756a7e1ed21967112cdb06"},"response":{"hours":{"timeframes":[{"days":[1,2,3,4],"includesToday":true,"open":[{"start":"0530","end":"2230"}],"segments":[]},{"days":[5],"open":[{"start":"0530","end":"2300"}],"segments":[]},{"days":[6,7],"open":[{"start":"0630","end":"2300"}],"segments":[]}]},"popular":{"timeframes":[{"days":[2],"includesToday":true,"open":[{"start":"0800","end":"0900"},{"start":"1100","end":"1800"}],"segments":[]},{"days":[3],"open":[{"start":"0700","end":"0900"},{"start":"1100","end":"2000"}],"segments":[]},{"days":[4],"open":[{"start":"0800","end":"0900"},{"start":"1100","end":"1800"}],"segments":[]},{"days":[5],"open":[{"start":"0800","end":"1800"}],"segments":[]},{"days":[6],"open":[{"start":"0800","end":"2100"}],"segments":[]},{"days":[7],"open":[{"start":"0800","end":"2200"}],"segments":[]},{"days":[1],"open":[{"start":"0800","end":"2000"}],"segments":[]}]}}}