{"meta":{"code":200,"requestId":"587566844434b95ee89db546"},"response":{"hours":{"timeframes":[{"days":[1,2,3,4,5,6,7],"includesToday":true,"open":[{"start":"1100","end":"+0300"}],"segments":[]}]},"popular":{"timeframes":[{"days":[2],"includesToday":true,"open":[{"start":"1800","end":"2300"}],"segments":[]},{"days":[3],"open":[{"start":"1900","end":"2300"}],"segments":[]},{"days":[4],"open":[{"start":"1500","end":"1600"},{"start":"1900","end":"+0000"}],"segments":[]},{"days":[5],"open":[{"start":"1300","end":"1400"},{"start":"1900","end":"+0300"}],"segments":[]},{"days":[6],"open":[{"start":"1100","end":"+0200"}],"segments":[]},{"days":[7],"open":[{"start":"1100","end":"1900"},{"start":"2100","end":"2200"}],"segments":[]},{"days":[1],"open":[{"start":"1900","end":"2200"}],"segments":[]}]}}}