{"meta":{"code":200,"requestId":"58756ae2f594df2a45c9f01b"},"response":{"hours":{"timeframes":[{"days":[1,2,3,4,7],"includesToday":true,"open":[{"start":"0700","end":"1800"}],"segments":[]},{"days":[5,6],"open":[{"start":"0700","end":"1400"}],"segments":[]}]},"popular":{"timeframes":[{"days":[2],"includesToday":true,"open":[{"start":"0600","end":"1300"}],"segments":[]},{"days":[3],"open":[{"start":"0600","end":"1400"},{"start":"2100","end":"2200"}],"segments":[]},{"days":[4],"open":[{"start":"0600","end":"1300"},{"start":"1900","end":"2000"}],"segments":[]},{"days":[5],"open":[{"start":"0600","end":"1400"}],"segments":[]},{"days":[6],"open":[{"start":"0600","end":"1000"}],"segments":[]},{"days":[7],"open":[{"start":"0600","end":"1600"}],"segments":[]},{"days":[1],"open":[{"start":"0600","end":"1500"},{"start":"2000","end":"2100"}],"segments":[]}]}}}