{"meta":{"code":200,"requestId":"587567c11ed219670e0619e0"},"response":{"hours":{},"popular":{"timeframes":[{"days":[2],"includesToday":true,"open":[{"start":"1200","end":"2000"}],"segments":[]},{"days":[3],"open":[{"start":"1100","end":"1600"},{"start":"1800","end":"2000"}],"segments":[]},{"days":[4],"open":[{"start":"1300","end":"1600"},{"start":"1800","end":"1900"}],"segments":[]},{"days":[5],"open":[{"start":"1100","end":"2000"}],"segments":[]},{"days":[6,7],"open":[{"start":"1000","end":"2000"}],"segments":[]},{"days":[1],"open":[{"start":"1200","end":"2000"}],"segments":[]}]}}}