{"meta":{"code":200,"requestId":"587565666a607123cdf12c2b"},"response":{"hours":{},"popular":{"timeframes":[{"days":[2],"includesToday":true,"open":[{"start":"0000","end":"+0200"}],"segments":[]},{"days":[3],"open":[{"start":"1200","end":"1600"},{"start":"1800","end":"2200"}],"segments":[]},{"days":[4],"open":[{"start":"0800","end":"0900"},{"start":"1100","end":"2200"}],"segments":[]},{"days":[5],"open":[{"start":"0800","end":"0900"},{"start":"1200","end":"1600"},{"start":"1900","end":"+0300"}],"segments":[]},{"days":[6],"open":[{"start":"0600","end":"0700"},{"start":"0900","end":"1000"},{"start":"1200","end":"2000"},{"start":"2200","end":"+0400"}],"segments":[]},{"days":[7],"open":[{"start":"1000","end":"1100"},{"start":"1600","end":"2100"},{"start":"2300","end":"+0000"}],"segments":[]},{"days":[1],"open":[{"start":"1200","end":"1500"},{"start":"1700","end":"1800"},{"start":"2100","end":"2200"}],"segments":[]}]}}}