{"meta":{"code":200,"requestId":"587567f09fb6b745c7938e8d"},"response":{"hours":{"timeframes":[{"days":[1,2,3],"includesToday":true,"open":[{"start":"1200","end":"2300"}],"segments":[]},{"days":[5,6],"open":[{"start":"1200","end":"+0000"}],"segments":[]},{"days":[7],"open":[{"start":"1200","end":"2200"}],"segments":[]}]},"popular":{"timeframes":[{"days":[2],"includesToday":true,"open":[{"start":"1600","end":"2200"}],"segments":[]},{"days":[3,4],"open":[{"start":"1700","end":"2100"}],"segments":[]},{"days":[5],"open":[{"start":"0500","end":"0600"},{"start":"1700","end":"+0100"}],"segments":[]},{"days":[6],"open":[{"start":"1300","end":"2300"}],"segments":[]},{"days":[7],"open":[{"start":"1200","end":"2200"}],"segments":[]},{"days":[1],"open":[{"start":"0500","end":"0600"},{"start":"1600","end":"2100"}],"segments":[]}]}}}