{"meta":{"code":200,"requestId":"587566779fb6b745796cb917"},"response":{"hours":{"timeframes":[{"days":[1,2,3,4,7],"includesToday":true,"open":[{"start":"0600","end":"2230"}],"segments":[]},{"days":[5,6],"open":[{"start":"0600","end":"2300"}],"segments":[]}]},"popular":{"timeframes":[{"days":[2],"includesToday":true,"open":[{"start":"0700","end":"1800"}],"segments":[]},{"days":[3],"open":[{"start":"0700","end":"1700"}],"segments":[]},{"days":[4],"open":[{"start":"0800","end":"1800"}],"segments":[]},{"days":[5],"open":[{"start":"0800","end":"1900"}],"segments":[]},{"days":[6],"open":[{"start":"0900","end":"2100"}],"segments":[]},{"days":[7],"open":[{"start":"1000","end":"1900"}],"segments":[]},{"days":[1],"open":[{"start":"0800","end":"1900"}],"segments":[]}]}}}