{"meta":{"code":200,"requestId":"587562779fb6b7457958e65a"},"response":{"hours":{"timeframes":[{"days":[1,2,3,4,5,6,7],"includesToday":true,"open":[{"start":"1200","end":"+0000"}],"segments":[]}]},"popular":{"timeframes":[{"days":[2],"includesToday":true,"open":[{"start":"1600","end":"2000"}],"segments":[]},{"days":[3],"open":[{"start":"1400","end":"1500"},{"start":"1900","end":"2200"}],"segments":[]},{"days":[4],"open":[{"start":"1700","end":"2200"}],"segments":[]},{"days":[5],"open":[{"start":"1300","end":"2300"}],"segments":[]},{"days":[6],"open":[{"start":"1300","end":"+0100"}],"segments":[]},{"days":[7],"open":[{"start":"1300","end":"2200"}],"segments":[]},{"days":[1],"open":[{"start":"0700","end":"0800"},{"start":"1800","end":"2200"}],"segments":[]}]}}}