{"meta":{"code":200,"requestId":"58756904351e3d655d618235"},"response":{"hours":{},"popular":{"timeframes":[{"days":[2],"includesToday":true,"open":[{"start":"0700","end":"1100"},{"start":"1300","end":"1500"}],"segments":[]},{"days":[3],"open":[{"start":"0800","end":"1500"}],"segments":[]},{"days":[4],"open":[{"start":"0700","end":"1600"}],"segments":[]},{"days":[5],"open":[{"start":"0600","end":"1600"}],"segments":[]},{"days":[6],"open":[{"start":"0700","end":"1400"}],"segments":[]},{"days":[7],"open":[{"start":"0800","end":"1600"}],"segments":[]},{"days":[1],"open":[{"start":"0700","end":"1800"}],"segments":[]}]}}}