{"meta":{"code":200,"requestId":"5875694a6a607123ccb88118"},"response":{"hours":{"timeframes":[{"days":[1,2,3,4,5,6,7],"includesToday":true,"open":[{"start":"1100","end":"2200"}],"segments":[]}]},"popular":{"timeframes":[{"days":[2],"includesToday":true,"open":[{"start":"0900","end":"2300"}],"segments":[]},{"days":[3],"open":[{"start":"0800","end":"2300"}],"segments":[]},{"days":[4],"open":[{"start":"1200","end":"1400"},{"start":"1600","end":"+0000"}],"segments":[]},{"days":[5],"open":[{"start":"1200","end":"1400"},{"start":"1600","end":"2300"}],"segments":[]},{"days":[6],"open":[{"start":"0900","end":"1000"},{"start":"1300","end":"2300"}],"segments":[]},{"days":[7],"open":[{"start":"1400","end":"1700"}],"segments":[]},{"days":[1],"open":[{"start":"1500","end":"1800"}],"segments":[]}]}}}