{"meta":{"code":200,"requestId":"587567d21ed21967128136e2"},"response":{"hours":{},"popular":{"timeframes":[{"days":[2],"includesToday":true,"open":[{"start":"0700","end":"0800"},{"start":"1000","end":"1500"}],"segments":[]},{"days":[3],"open":[{"start":"0700","end":"1500"}],"segments":[]},{"days":[4],"open":[{"start":"0700","end":"1400"}],"segments":[]},{"days":[5],"open":[{"start":"0700","end":"1500"}],"segments":[]},{"days":[6],"open":[{"start":"0100","end":"+0300"}],"segments":[]},{"days":[7],"open":[{"start":"0300","end":"+0400"}],"segments":[]},{"days":[1],"open":[{"start":"0700","end":"1500"}],"segments":[]}]}}}