{"meta":{"code":200,"requestId":"587564ff9fb6b74579659452"},"response":{"hours":{"timeframes":[{"days":[1,2,3,4],"includesToday":true,"open":[{"start":"1200","end":"2200"}],"segments":[]},{"days":[5],"open":[{"start":"1200","end":"2300"}],"segments":[]},{"days":[6],"open":[{"start":"1500","end":"2300"}],"segments":[]},{"days":[7],"open":[{"start":"1300","end":"2100"}],"segments":[]}]},"popular":{"timeframes":[{"days":[2],"includesToday":true,"open":[{"start":"1700","end":"2100"}],"segments":[]},{"days":[3],"open":[{"start":"1700","end":"2100"}],"segments":[]},{"days":[4],"open":[{"start":"1700","end":"2200"}],"segments":[]},{"days":[5],"open":[{"start":"1300","end":"1400"},{"start":"1700","end":"2200"}],"segments":[]},{"days":[6,7],"open":[{"start":"1300","end":"2200"}],"segments":[]},{"days":[1],"open":[{"start":"1500","end":"2200"}],"segments":[]}]}}}