{"meta":{"code":200,"requestId":"587565851ed219671276495e"},"response":{"hours":{},"popular":{"timeframes":[{"days":[2],"includesToday":true,"open":[{"start":"1300","end":"1500"},{"start":"1800","end":"2200"}],"segments":[]},{"days":[3],"open":[{"start":"1300","end":"1600"},{"start":"1900","end":"2200"}],"segments":[]},{"days":[4],"open":[{"start":"1200","end":"1500"},{"start":"1800","end":"2200"}],"segments":[]},{"days":[5],"open":[{"start":"1300","end":"2200"}],"segments":[]},{"days":[6],"open":[{"start":"1000","end":"2200"}],"segments":[]},{"days":[7],"open":[{"start":"1000","end":"2100"}],"segments":[]},{"days":[1],"open":[{"start":"1200","end":"1600"},{"start":"1900","end":"2200"}],"segments":[]}]}}}