{"meta":{"code":200,"requestId":"5875688d9fb6b7455fd55cda"},"response":{"hours":{"timeframes":[{"days":[1,7],"open":[{"start":"0700","end":"+0000"}],"segments":[]},{"days":[2,3,4],"includesToday":true,"open":[{"start":"0700","end":"+0100"}],"segments":[]},{"days":[5,6],"open":[{"start":"0400","end":"+0400"}],"segments":[]}]},"popular":{"timeframes":[{"days":[2],"includesToday":true,"open":[{"start":"0800","end":"0900"},{"start":"1200","end":"1400"},{"start":"1900","end":"2000"}],"segments":[]},{"days":[3],"open":[{"start":"0800","end":"0900"},{"start":"1100","end":"1400"},{"start":"1900","end":"2200"}],"segments":[]},{"days":[4],"open":[{"start":"0900","end":"1600"},{"start":"1800","end":"2200"}],"segments":[]},{"days":[5],"open":[{"start":"0700","end":"0900"},{"start":"1100","end":"1400"},{"start":"1800","end":"+0200"}],"segments":[]},{"days":[6],"open":[{"start":"0800","end":"+0400"}],"segments":[]},{"days":[7],"open":[{"start":"0900","end":"1800"}],"segments":[]},{"days":[1],"open":[{"start":"0800","end":"1400"},{"start":"1900","end":"2000"}],"segments":[]}]}}}