{"meta":{"code":200,"requestId":"587569024434b95ecf23a91c"},"response":{"hours":{"timeframes":[{"days":[1,2,3,4,5],"includesToday":true,"open":[{"start":"0630","end":"2100"}],"segments":[]},{"days":[6],"open":[{"start":"0700","end":"2100"}],"segments":[]},{"days":[7],"open":[{"start":"0830","end":"1930"}],"segments":[]}]},"popular":{"timeframes":[{"days":[2],"includesToday":true,"open":[{"start":"1100","end":"1600"}],"segments":[]},{"days":[3],"open":[{"start":"1000","end":"1800"}],"segments":[]},{"days":[4],"open":[{"start":"1000","end":"2000"}],"segments":[]},{"days":[5],"open":[{"start":"1100","end":"1800"}],"segments":[]},{"days":[6],"open":[{"start":"0900","end":"2000"}],"segments":[]},{"days":[7],"open":[{"start":"0900","end":"1700"}],"segments":[]},{"days":[1],"open":[{"start":"1100","end":"1900"}],"segments":[]}]}}}