{"meta":{"code":200,"requestId":"587566476a607123ccaa1e82"},"response":{"hours":{"timeframes":[{"days":[1,2,3,4],"includesToday":true,"open":[{"start":"1030","end":"2230"}],"segments":[]},{"days":[5,6],"open":[{"start":"1030","end":"2300"}],"segments":[]},{"days":[7],"open":[{"start":"1100","end":"2230"}],"segments":[]}]},"popular":{"timeframes":[{"days":[2],"includesToday":true,"open":[{"start":"1200","end":"1700"},{"start":"1900","end":"2300"}],"segments":[]},{"days":[3],"open":[{"start":"1100","end":"2100"},{"start":"2300","end":"+0100"}],"segments":[]},{"days":[4],"open":[{"start":"1200","end":"1400"},{"start":"1700","end":"2300"}],"segments":[]},{"days":[5,6],"open":[{"start":"1200","end":"+0100"}],"segments":[]},{"days":[7],"open":[{"start":"1200","end":"2100"},{"start":"2300","end":"+0000"}],"segments":[]},{"days":[1],"open":[{"start":"1300","end":"2000"}],"segments":[]}]}}}