{"meta":{"code":200,"requestId":"5875654b6a607123cb55b2e2"},"response":{"hours":{},"popular":{"timeframes":[{"days":[2],"includesToday":true,"open":[{"start":"1300","end":"1500"},{"start":"1700","end":"2200"}],"segments":[]},{"days":[3],"open":[{"start":"1800","end":"2200"}],"segments":[]},{"days":[4],"open":[{"start":"1300","end":"1400"},{"start":"1600","end":"2200"}],"segments":[]},{"days":[5],"open":[{"start":"1500","end":"2200"}],"segments":[]},{"days":[6,7],"open":[{"start":"1100","end":"2200"}],"segments":[]},{"days":[1],"open":[{"start":"1300","end":"1400"},{"start":"1700","end":"2200"}],"segments":[]}]}}}