{"meta":{"code":200,"requestId":"5875657ddb04f5158db90da9"},"response":{"hours":{},"popular":{"timeframes":[{"days":[2],"includesToday":true,"open":[{"start":"1600","end":"2300"}],"segments":[]},{"days":[3],"open":[{"start":"1200","end":"1400"},{"start":"1600","end":"2300"}],"segments":[]},{"days":[4],"open":[{"start":"1200","end":"1300"},{"start":"1700","end":"+0000"}],"segments":[]},{"days":[5],"open":[{"start":"1200","end":"1400"},{"start":"1600","end":"2300"}],"segments":[]},{"days":[6],"open":[{"start":"1300","end":"2300"}],"segments":[]},{"days":[7],"open":[{"start":"1400","end":"2300"}],"segments":[]},{"days":[1],"open":[{"start":"1200","end":"1300"},{"start":"1700","end":"+0000"}],"segments":[]}]}}}