{"meta":{"code":200,"requestId":"587566b94c1f6765ed697c7e"},"response":{"hours":{"timeframes":[{"days":[1,2,3,4,7],"includesToday":true,"open":[{"start":"1100","end":"2230"}],"segments":[]},{"days":[5,6],"open":[{"start":"1100","end":"2330"}],"segments":[]}]},"popular":{"timeframes":[{"days":[2],"includesToday":true,"open":[{"start":"1200","end":"1300"},{"start":"1700","end":"2100"}],"segments":[]},{"days":[3],"open":[{"start":"1200","end":"1500"},{"start":"1700","end":"2200"}],"segments":[]},{"days":[4],"open":[{"start":"1400","end":"1500"},{"start":"1800","end":"2100"}],"segments":[]},{"days":[5,6,7],"open":[{"start":"1200","end":"2200"}],"segments":[]},{"days":[1],"open":[{"start":"1300","end":"2100"}],"segments":[]}]}}}