{"meta":{"code":200,"requestId":"5875631ff594df2a2b00d69b"},"response":{"hours":{"timeframes":[{"days":[1,2,3,4],"includesToday":true,"open":[{"start":"0600","end":"+0000"}],"segments":[]},{"days":[6,7],"open":[{"start":"0600","end":"+0200"}],"segments":[]}]},"popular":{"timeframes":[{"days":[2],"includesToday":true,"open":[{"start":"1300","end":"1400"},{"start":"1800","end":"2200"}],"segments":[]},{"days":[3],"open":[{"start":"1200","end":"2100"},{"start":"2300","end":"+0000"}],"segments":[]},{"days":[4],"open":[{"start":"1100","end":"1400"},{"start":"1800","end":"+0000"}],"segments":[]},{"days":[5],"open":[{"start":"1300","end":"+0300"}],"segments":[]},{"days":[6],"open":[{"start":"1100","end":"+0400"}],"segments":[]},{"days":[7],"open":[{"start":"1000","end":"+0000"}],"segments":[]},{"days":[1],"open":[{"start":"1400","end":"1500"},{"start":"1700","end":"2300"}],"segments":[]}]}}}