{"meta":{"code":200,"requestId":"587564a9dd579728be6964c1"},"response":{"hours":{"timeframes":[{"days":[2,3,4,7],"includesToday":true,"open":[{"start":"0700","end":"2200"}],"segments":[]},{"days":[5,6],"open":[{"start":"0700","end":"+0000"}],"segments":[]}]},"popular":{"timeframes":[{"days":[2],"includesToday":true,"open":[{"start":"1100","end":"2100"}],"segments":[]},{"days":[3],"open":[{"start":"1000","end":"1700"},{"start":"1900","end":"2100"}],"segments":[]},{"days":[4],"open":[{"start":"1300","end":"1800"},{"start":"2000","end":"2100"}],"segments":[]},{"days":[5],"open":[{"start":"1000","end":"1600"},{"start":"1800","end":"2300"}],"segments":[]},{"days":[6],"open":[{"start":"0900","end":"2300"}],"segments":[]},{"days":[7],"open":[{"start":"1000","end":"2200"}],"segments":[]},{"days":[1],"open":[{"start":"1700","end":"1800"}],"segments":[]}]}}}