{"meta":{"code":200,"requestId":"58756798dd5797289e1ef2b9"},"response":{"hours":{},"popular":{"timeframes":[{"days":[2],"includesToday":true,"open":[{"start":"1300","end":"1400"},{"start":"1800","end":"+0000"}],"segments":[]},{"days":[3],"open":[{"start":"0900","end":"1000"},{"start":"1200","end":"1500"},{"start":"1700","end":"+0100"}],"segments":[]},{"days":[4],"open":[{"start":"0800","end":"0900"},{"start":"1200","end":"1700"},{"start":"1900","end":"+0100"}],"segments":[]},{"days":[5],"open":[],"segments":[]},{"days":[6],"open":[{"start":"2000","end":"+0200"}],"segments":[]},{"days":[7],"open":[{"start":"1400","end":"+0100"}],"segments":[]},{"days":[1],"open":[{"start":"0600","end":"0700"},{"start":"1200","end":"1600"},{"start":"1900","end":"+0100"}],"segments":[]}]}}}