{"meta":{"code":200,"requestId":"58756564f594df2a45afdc2b"},"response":{"hours":{},"popular":{"timeframes":[{"days":[2],"includesToday":true,"open":[{"start":"0800","end":"1500"},{"start":"2000","end":"2200"}],"segments":[]},{"days":[3],"open":[{"start":"1100","end":"1500"}],"segments":[]},{"days":[4],"open":[{"start":"1200","end":"1400"},{"start":"2000","end":"2100"}],"segments":[]},{"days":[5],"open":[{"start":"1100","end":"1500"},{"start":"1800","end":"2200"}],"segments":[]},{"days":[6],"open":[{"start":"0900","end":"+0000"}],"segments":[]},{"days":[7],"open":[{"start":"0900","end":"2100"}],"segments":[]},{"days":[1],"open":[{"start":"1100","end":"1500"},{"start":"1900","end":"2000"}],"segments":[]}]}}}