{"meta":{"code":200,"requestId":"5875629edb04f5158a3d21f7"},"response":{"hours":{"timeframes":[{"days":[1,2,3,4,5,6,7],"includesToday":true,"open":[{"start":"0400","end":"+0400"}],"segments":[]}]},"popular":{"timeframes":[{"days":[2],"includesToday":true,"open":[{"start":"1700","end":"2000"},{"start":"2200","end":"2300"}],"segments":[]},{"days":[3],"open":[{"start":"0100","end":"+0200"}],"segments":[]},{"days":[4],"open":[{"start":"0000","end":"+0200"}],"segments":[]},{"days":[5],"open":[{"start":"1300","end":"2200"}],"segments":[]},{"days":[6],"open":[{"start":"0000","end":"+0400"}],"segments":[]},{"days":[7],"open":[{"start":"0900","end":"1300"},{"start":"1700","end":"1900"},{"start":"2100","end":"+0000"}],"segments":[]},{"days":[1],"open":[{"start":"1200","end":"1300"},{"start":"1500","end":"2000"}],"segments":[]}]}}}