{"meta":{"code":200,"requestId":"587566bb351e3d655e67275d"},"response":{"hours":{"timeframes":[{"days":[1,2,3,4,5,6],"includesToday":true,"open":[{"start":"1100","end":"+0400"}],"segments":[]},{"days":[7],"open":[{"start":"1200","end":"+0400"}],"segments":[]}]},"popular":{"timeframes":[{"days":[2],"includesToday":true,"open":[{"start":"1900","end":"2300"}],"segments":[]},{"days":[3],"open":[{"start":"1800","end":"2200"}],"segments":[]},{"days":[4],"open":[{"start":"0000","end":"+0100"}],"segments":[]},{"days":[5],"open":[{"start":"1700","end":"+0400"}],"segments":[]},{"days":[6],"open":[{"start":"1400","end":"+0300"}],"segments":[]},{"days":[7],"open":[{"start":"1200","end":"+0100"}],"segments":[]},{"days":[1],"open":[{"start":"2000","end":"2200"}],"segments":[]}]}}}