{"meta":{"code":200,"requestId":"5875691ff594df2a7914c5ab"},"response":{"hours":{"timeframes":[{"days":[1,2,3,4,5,6,7],"includesToday":true,"open":[{"start":"0430","end":"2200"}],"segments":[]}]},"popular":{"timeframes":[{"days":[2],"includesToday":true,"open":[{"start":"0600","end":"1000"},{"start":"1400","end":"1800"}],"segments":[]},{"days":[3],"open":[{"start":"0500","end":"0900"},{"start":"1400","end":"1900"}],"segments":[]},{"days":[4],"open":[{"start":"0500","end":"0900"},{"start":"1100","end":"1200"},{"start":"1500","end":"2100"}],"segments":[]},{"days":[5],"open":[{"start":"0500","end":"1200"},{"start":"1500","end":"1900"}],"segments":[]},{"days":[6],"open":[{"start":"0500","end":"0900"},{"start":"1400","end":"2100"}],"segments":[]},{"days":[7],"open":[{"start":"0600","end":"1000"},{"start":"1300","end":"2000"}],"segments":[]},{"days":[1],"open":[{"start":"0500","end":"1000"},{"start":"1400","end":"2100"}],"segments":[]}]}}}