{"meta":{"code":200,"requestId":"587565839fb6b745ad4cc7f6"},"response":{"hours":{"timeframes":[{"days":[1,2,3,4,5,6],"includesToday":true,"open":[{"start":"0600","end":"+0000"}],"segments":[]},{"days":[7],"open":[{"start":"0700","end":"+0000"}],"segments":[]}]},"popular":{"timeframes":[{"days":[2],"includesToday":true,"open":[{"start":"0700","end":"0800"},{"start":"1300","end":"2000"},{"start":"2200","end":"2300"}],"segments":[]},{"days":[3],"open":[{"start":"0600","end":"1000"},{"start":"1900","end":"2000"},{"start":"2200","end":"+0000"}],"segments":[]},{"days":[4],"open":[{"start":"0700","end":"1300"},{"start":"1700","end":"2300"}],"segments":[]},{"days":[5],"open":[{"start":"0600","end":"1000"},{"start":"2200","end":"2300"}],"segments":[]},{"days":[6],"open":[{"start":"0800","end":"1100"},{"start":"1300","end":"1400"},{"start":"1800","end":"1900"},{"start":"2200","end":"2300"}],"segments":[]},{"days":[7],"open":[{"start":"0700","end":"0800"},{"start":"1200","end":"1800"}],"segments":[]},{"days":[1],"open":[{"start":"0700","end":"1000"},{"start":"1600","end":"1700"}],"segments":[]}]}}}