{"meta":{"code":200,"requestId":"587569fd351e3d65618d71f8"},"response":{"hours":{},"popular":{"timeframes":[{"days":[2],"includesToday":true,"open":[{"start":"1800","end":"+0000"}],"segments":[]},{"days":[3,4],"open":[{"start":"1700","end":"+0000"}],"segments":[]},{"days":[5],"open":[{"start":"1700","end":"+0200"}],"segments":[]},{"days":[6],"open":[{"start":"1600","end":"+0100"}],"segments":[]},{"days":[7],"open":[{"start":"1400","end":"2300"}],"segments":[]},{"days":[1],"open":[{"start":"1700","end":"+0000"}],"segments":[]}]}}}