{"meta":{"code":200,"requestId":"5875658edd579728b4ad6007"},"response":{"hours":{"timeframes":[{"days":[1,2,3,4,7],"includesToday":true,"open":[{"start":"0600","end":"2230"}],"segments":[]},{"days":[5,6],"open":[{"start":"0600","end":"2300"}],"segments":[]}]},"popular":{"timeframes":[{"days":[2],"includesToday":true,"open":[{"start":"0800","end":"1900"}],"segments":[]},{"days":[3],"open":[{"start":"0700","end":"1000"},{"start":"1200","end":"2100"}],"segments":[]},{"days":[4],"open":[{"start":"0800","end":"2200"}],"segments":[]},{"days":[5],"open":[{"start":"0700","end":"1900"},{"start":"2100","end":"2200"}],"segments":[]},{"days":[6],"open":[{"start":"0900","end":"2200"}],"segments":[]},{"days":[7],"open":[{"start":"0900","end":"2000"}],"segments":[]},{"days":[1],"open":[{"start":"0800","end":"1100"},{"start":"1300","end":"1800"}],"segments":[]}]}}}