{"meta":{"code":200,"requestId":"587566a84434b95ee89e656e"},"response":{"hours":{"timeframes":[{"days":[1,2,3,4,5,6],"includesToday":true,"open":[{"start":"0900","end":"2200"}],"segments":[]},{"days":[7],"open":[{"start":"0930","end":"2000"}],"segments":[]}]},"popular":{"timeframes":[{"days":[2],"includesToday":true,"open":[{"start":"1000","end":"2000"}],"segments":[]},{"days":[3],"open":[{"start":"1100","end":"1400"},{"start":"1800","end":"2100"}],"segments":[]},{"days":[4],"open":[{"start":"1100","end":"1500"},{"start":"1800","end":"2200"}],"segments":[]},{"days":[5],"open":[{"start":"1100","end":"2100"}],"segments":[]},{"days":[6],"open":[{"start":"1000","end":"+0000"}],"segments":[]},{"days":[7],"open":[{"start":"1000","end":"2000"}],"segments":[]},{"days":[1],"open":[{"start":"1000","end":"1500"},{"start":"1800","end":"2100"}],"segments":[]}]}}}