{"meta":{"code":200,"requestId":"587566819fb6b745ad519306"},"response":{"hours":{"timeframes":[{"days":[1,2,3,4,5,6,7],"includesToday":true,"open":[{"start":"0830","end":"2200"}],"segments":[]}]},"popular":{"timeframes":[{"days":[2],"includesToday":true,"open":[{"start":"1700","end":"2200"}],"segments":[]},{"days":[3,4],"open":[{"start":"1700","end":"2200"}],"segments":[]},{"days":[5],"open":[{"start":"1700","end":"2300"}],"segments":[]},{"days":[6],"open":[{"start":"1600","end":"2300"}],"segments":[]},{"days":[7],"open":[{"start":"1500","end":"2100"}],"segments":[]},{"days":[1],"open":[{"start":"1700","end":"2200"}],"segments":[]}]}}}