{"meta":{"code":200,"requestId":"587567e0f594df2a1045a0fa"},"response":{"hours":{"timeframes":[{"days":[1,2,3,4],"includesToday":true,"open":[{"start":"1130","end":"+0100"}],"segments":[]},{"days":[5,6],"open":[{"start":"1130","end":"+0300"}],"segments":[]},{"days":[7],"open":[{"start":"1200","end":"1630"}],"segments":[]}]},"popular":{"timeframes":[{"days":[2],"includesToday":true,"open":[{"start":"1800","end":"+0000"}],"segments":[]},{"days":[3,4],"open":[{"start":"1800","end":"2300"}],"segments":[]},{"days":[5],"open":[{"start":"1600","end":"+0300"}],"segments":[]},{"days":[6],"open":[{"start":"1200","end":"+0200"}],"segments":[]},{"days":[7],"open":[{"start":"1200","end":"2300"}],"segments":[]},{"days":[1],"open":[{"start":"1300","end":"1400"},{"start":"1700","end":"2300"}],"segments":[]}]}}}