{"meta":{"code":200,"requestId":"58756095db04f5158a329927"},"response":{"hours":{"timeframes":[{"days":[1,2,3,4],"includesToday":true,"open":[{"start":"0700","end":"2200"}],"segments":[]},{"days":[5,6],"open":[{"start":"0700","end":"2300"}],"segments":[]}]},"popular":{"timeframes":[{"days":[2],"includesToday":true,"open":[{"start":"1300","end":"1600"}],"segments":[]},{"days":[3],"open":[{"start":"1300","end":"2000"}],"segments":[]},{"days":[4],"open":[{"start":"1200","end":"2000"}],"segments":[]},{"days":[5],"open":[{"start":"0700","end":"0800"},{"start":"1100","end":"1400"},{"start":"1700","end":"2100"}],"segments":[]},{"days":[6],"open":[{"start":"1300","end":"1600"},{"start":"1900","end":"2000"},{"start":"2300","end":"+0000"}],"segments":[]},{"days":[7],"open":[{"start":"1000","end":"1100"},{"start":"1400","end":"1500"},{"start":"1700","end":"1900"}],"segments":[]},{"days":[1],"open":[{"start":"1400","end":"1500"},{"start":"1800","end":"2000"}],"segments":[]}]}}}