{"meta":{"code":200,"requestId":"587566714434b95eb2e63e68"},"response":{"hours":{},"popular":{"timeframes":[{"days":[2],"includesToday":true,"open":[{"start":"0700","end":"1100"},{"start":"1300","end":"1400"},{"start":"2200","end":"2300"}],"segments":[]},{"days":[3],"open":[{"start":"0700","end":"1100"},{"start":"1600","end":"1700"},{"start":"2200","end":"2300"}],"segments":[]},{"days":[4],"open":[{"start":"0700","end":"1200"},{"start":"1900","end":"2300"}],"segments":[]},{"days":[5],"open":[{"start":"0700","end":"1500"},{"start":"2200","end":"2300"}],"segments":[]},{"days":[6],"open":[{"start":"0700","end":"1700"},{"start":"2100","end":"+0100"}],"segments":[]},{"days":[7],"open":[{"start":"0700","end":"1700"},{"start":"2100","end":"2300"}],"segments":[]},{"days":[1],"open":[{"start":"0700","end":"1300"},{"start":"2200","end":"2300"}],"segments":[]}]}}}