{"meta":{"code":200,"requestId":"587567759fb6b7457971774c"},"response":{"hours":{},"popular":{"timeframes":[{"days":[2],"includesToday":true,"open":[{"start":"0700","end":"1300"},{"start":"1500","end":"1700"},{"start":"2000","end":"2100"}],"segments":[]},{"days":[3],"open":[{"start":"0700","end":"1600"},{"start":"1800","end":"2100"},{"start":"2300","end":"+0000"}],"segments":[]},{"days":[4],"open":[{"start":"0700","end":"1600"}],"segments":[]},{"days":[5],"open":[{"start":"0700","end":"1400"},{"start":"1600","end":"1700"}],"segments":[]},{"days":[6],"open":[{"start":"0800","end":"1200"},{"start":"1400","end":"1500"}],"segments":[]},{"days":[7],"open":[{"start":"0800","end":"1600"},{"start":"1900","end":"2000"}],"segments":[]},{"days":[1],"open":[{"start":"0800","end":"1900"}],"segments":[]}]}}}