{"meta":{"code":200,"requestId":"587565529fb6b7455ee5fb24"},"response":{"hours":{"timeframes":[{"days":[1,2,3,4,5,6,7],"includesToday":true,"open":[{"start":"0000","end":"+0000"}],"segments":[]}]},"popular":{"timeframes":[{"days":[2],"includesToday":true,"open":[{"start":"0500","end":"1200"},{"start":"1600","end":"1700"}],"segments":[]},{"days":[3],"open":[{"start":"0500","end":"1300"},{"start":"1700","end":"1800"}],"segments":[]},{"days":[4],"open":[{"start":"0500","end":"1100"},{"start":"1300","end":"1400"},{"start":"1600","end":"1800"}],"segments":[]},{"days":[5],"open":[{"start":"0500","end":"1200"},{"start":"1600","end":"1700"},{"start":"2000","end":"2100"}],"segments":[]},{"days":[6],"open":[{"start":"0900","end":"1700"}],"segments":[]},{"days":[7],"open":[],"segments":[]},{"days":[1],"open":[{"start":"0500","end":"1000"},{"start":"1400","end":"1500"}],"segments":[]}]}}}