{"meta":{"code":200,"requestId":"58756550351e3d65606bf7ff"},"response":{"hours":{},"popular":{"timeframes":[{"days":[2],"includesToday":true,"open":[{"start":"0700","end":"1400"},{"start":"1800","end":"1900"}],"segments":[]},{"days":[3],"open":[{"start":"0700","end":"1300"},{"start":"1600","end":"1700"}],"segments":[]},{"days":[4],"open":[{"start":"0700","end":"1200"},{"start":"1500","end":"1900"}],"segments":[]},{"days":[5],"open":[{"start":"0700","end":"1500"},{"start":"1700","end":"1800"},{"start":"2000","end":"2100"}],"segments":[]},{"days":[6],"open":[{"start":"1000","end":"1500"},{"start":"1700","end":"1800"}],"segments":[]},{"days":[7],"open":[{"start":"0900","end":"2000"}],"segments":[]},{"days":[1],"open":[{"start":"0700","end":"1900"}],"segments":[]}]}}}