{"meta":{"code":200,"requestId":"58756968351e3d65618ab6da"},"response":{"hours":{"timeframes":[{"days":[1,2,3,4],"includesToday":true,"open":[{"start":"0700","end":"2100"}],"segments":[]},{"days":[5,6],"open":[{"start":"0700","end":"2200"}],"segments":[]},{"days":[7],"open":[{"start":"0800","end":"1900"}],"segments":[]}]},"popular":{"timeframes":[{"days":[2],"includesToday":true,"open":[{"start":"0800","end":"1100"},{"start":"1300","end":"1500"},{"start":"1700","end":"1800"}],"segments":[]},{"days":[3],"open":[{"start":"0800","end":"1200"},{"start":"1400","end":"1500"},{"start":"1800","end":"2200"}],"segments":[]},{"days":[4],"open":[{"start":"0800","end":"1700"},{"start":"1900","end":"2100"}],"segments":[]},{"days":[5],"open":[{"start":"0800","end":"2100"}],"segments":[]},{"days":[6],"open":[{"start":"0700","end":"1900"}],"segments":[]},{"days":[7],"open":[{"start":"0800","end":"2000"}],"segments":[]},{"days":[1],"open":[{"start":"0700","end":"1200"},{"start":"1500","end":"1900"}],"segments":[]}]}}}