{"meta":{"code":200,"requestId":"58756af74c1f676608655811"},"response":{"hours":{"timeframes":[{"days":[2,3,4,5],"includesToday":true,"open":[{"start":"0730","end":"1930"}],"segments":[]},{"days":[6],"open":[{"start":"0730","end":"2000"}],"segments":[]},{"days":[7],"open":[{"start":"0730","end":"1800"}],"segments":[]}]},"popular":{"timeframes":[{"days":[2],"includesToday":true,"open":[{"start":"0400","end":"0600"},{"start":"1000","end":"1200"},{"start":"1800","end":"1900"}],"segments":[]},{"days":[3],"open":[{"start":"0400","end":"0600"},{"start":"1600","end":"2000"}],"segments":[]},{"days":[4],"open":[{"start":"0400","end":"0600"},{"start":"1400","end":"1900"}],"segments":[]},{"days":[5],"open":[{"start":"0400","end":"0500"},{"start":"1300","end":"1400"},{"start":"1600","end":"2000"}],"segments":[]},{"days":[6],"open":[{"start":"0700","end":"2000"}],"segments":[]},{"days":[7],"open":[{"start":"0700","end":"1800"}],"segments":[]},{"days":[1],"open":[{"start":"0400","end":"0500"}],"segments":[]}]}}}