{"meta":{"code":200,"requestId":"587568cdf594df2a5f7ce365"},"response":{"hours":{"timeframes":[{"days":[1,2,3,4,5,6,7],"includesToday":true,"open":[{"start":"0500","end":"+0000"}],"segments":[]}]},"popular":{"timeframes":[{"days":[2],"includesToday":true,"open":[{"start":"0400","end":"0500"},{"start":"0700","end":"1300"}],"segments":[]},{"days":[3],"open":[{"start":"0400","end":"0500"},{"start":"0700","end":"1400"}],"segments":[]},{"days":[4],"open":[{"start":"0700","end":"1200"}],"segments":[]},{"days":[5],"open":[{"start":"0700","end":"1200"},{"start":"1500","end":"1700"}],"segments":[]},{"days":[6],"open":[{"start":"0600","end":"1300"},{"start":"1500","end":"1600"}],"segments":[]},{"days":[7],"open":[{"start":"0800","end":"1000"}],"segments":[]},{"days":[1],"open":[{"start":"0400","end":"0500"},{"start":"0700","end":"1300"}],"segments":[]}]}}}