{"meta":{"code":200,"requestId":"58756282f594df2a45a16f05"},"response":{"hours":{"timeframes":[{"days":[1,3,4],"open":[{"start":"1200","end":"2230"}],"segments":[]},{"days":[5,6],"open":[{"start":"1200","end":"2330"}],"segments":[]},{"days":[7],"open":[{"start":"1200","end":"2130"}],"segments":[]}]},"popular":{"timeframes":[{"days":[2],"includesToday":true,"open":[],"segments":[]},{"days":[3],"open":[{"start":"1700","end":"2000"}],"segments":[]},{"days":[4],"open":[{"start":"1500","end":"2100"}],"segments":[]},{"days":[5],"open":[{"start":"1600","end":"2300"}],"segments":[]},{"days":[6],"open":[{"start":"1100","end":"2300"}],"segments":[]},{"days":[7],"open":[{"start":"1200","end":"2100"}],"segments":[]},{"days":[1],"open":[{"start":"1700","end":"2300"}],"segments":[]}]}}}