{"meta":{"code":200,"requestId":"587565816a607123ca97209f"},"response":{"hours":{"timeframes":[{"days":[1,2,3,4,5,6],"includesToday":true,"open":[{"start":"0800","end":"2200"}],"segments":[]},{"days":[7],"open":[{"start":"0800","end":"2100"}],"segments":[]}]},"popular":{"timeframes":[{"days":[2],"includesToday":true,"open":[{"start":"0700","end":"1500"},{"start":"1700","end":"1800"},{"start":"2000","end":"2100"}],"segments":[]},{"days":[3],"open":[{"start":"0700","end":"0900"},{"start":"1100","end":"1500"},{"start":"1800","end":"1900"}],"segments":[]},{"days":[4],"open":[{"start":"0700","end":"1900"}],"segments":[]},{"days":[5],"open":[{"start":"0900","end":"1600"},{"start":"1800","end":"2000"}],"segments":[]},{"days":[6,7],"open":[{"start":"1100","end":"1800"}],"segments":[]},{"days":[1],"open":[{"start":"0700","end":"0900"},{"start":"1100","end":"2000"}],"segments":[]}]}}}