{"meta":{"code":200,"requestId":"5875695ff594df2a45c2ea5e"},"response":{"hours":{},"popular":{"timeframes":[{"days":[2],"includesToday":true,"open":[{"start":"2000","end":"+0100"}],"segments":[]},{"days":[3],"open":[{"start":"2000","end":"2100"},{"start":"2300","end":"+0000"}],"segments":[]},{"days":[4],"open":[{"start":"2200","end":"+0300"}],"segments":[]},{"days":[5],"open":[{"start":"1800","end":"+0300"}],"segments":[]},{"days":[6],"open":[{"start":"2000","end":"+0400"}],"segments":[]},{"days":[7],"open":[{"start":"1900","end":"+0000"}],"segments":[]},{"days":[1],"open":[{"start":"1900","end":"2000"},{"start":"2300","end":"+0300"}],"segments":[]}]}}}