{"meta":{"code":200,"requestId":"587562a1f594df2a102be82d"},"response":{"hours":{"timeframes":[{"days":[1,2,3,4,7],"includesToday":true,"open":[{"start":"1100","end":"+0000"}],"segments":[]},{"days":[5,6],"open":[{"start":"1100","end":"+0100"}],"segments":[]}]},"popular":{"timeframes":[{"days":[2],"includesToday":true,"open":[{"start":"1200","end":"2200"}],"segments":[]},{"days":[3],"open":[{"start":"1200","end":"1300"},{"start":"1700","end":"2300"}],"segments":[]},{"days":[4],"open":[{"start":"1600","end":"2300"}],"segments":[]},{"days":[5],"open":[{"start":"1400","end":"+0000"}],"segments":[]},{"days":[6],"open":[{"start":"1200","end":"+0000"}],"segments":[]},{"days":[7],"open":[{"start":"1200","end":"2200"}],"segments":[]},{"days":[1],"open":[{"start":"1400","end":"2200"}],"segments":[]}]}}}