{"meta":{"code":200,"requestId":"5875647cdb04f5158a468013"},"response":{"hours":{"timeframes":[{"days":[1,2,3,4,5,6,7],"includesToday":true,"open":[{"start":"0000","end":"+0000"}],"segments":[]}]},"popular":{"timeframes":[{"days":[2],"includesToday":true,"open":[{"start":"0800","end":"1700"},{"start":"2100","end":"+0000"}],"segments":[]},{"days":[3],"open":[{"start":"0800","end":"1100"},{"start":"1300","end":"1700"},{"start":"2100","end":"+0000"}],"segments":[]},{"days":[4],"open":[{"start":"0800","end":"1600"},{"start":"2100","end":"2200"}],"segments":[]},{"days":[5],"open":[{"start":"0800","end":"1900"}],"segments":[]},{"days":[6],"open":[{"start":"1000","end":"2000"},{"start":"2200","end":"2300"}],"segments":[]},{"days":[7],"open":[{"start":"1000","end":"2300"}],"segments":[]},{"days":[1],"open":[{"start":"0800","end":"1200"},{"start":"1400","end":"1500"},{"start":"1700","end":"2300"}],"segments":[]}]}}}