{"meta":{"code":200,"requestId":"587563194434b95ecf06e723"},"response":{"hours":{"timeframes":[{"days":[1,2,3,4],"includesToday":true,"open":[{"start":"1130","end":"2300"}],"segments":[]},{"days":[5],"open":[{"start":"1130","end":"+0000"}],"segments":[]},{"days":[6],"open":[{"start":"1230","end":"+0000"}],"segments":[]},{"days":[7],"open":[{"start":"1230","end":"2300"}],"segments":[]}]},"popular":{"timeframes":[{"days":[2],"includesToday":true,"open":[{"start":"1300","end":"1400"},{"start":"1700","end":"2100"}],"segments":[]},{"days":[3],"open":[{"start":"1300","end":"1400"},{"start":"1700","end":"2100"}],"segments":[]},{"days":[4],"open":[{"start":"1300","end":"1400"},{"start":"1700","end":"2200"}],"segments":[]},{"days":[5],"open":[{"start":"1700","end":"2300"}],"segments":[]},{"days":[6],"open":[{"start":"1300","end":"2300"}],"segments":[]},{"days":[7],"open":[{"start":"1400","end":"2100"}],"segments":[]},{"days":[1],"open":[{"start":"1300","end":"1500"},{"start":"1700","end":"2100"}],"segments":[]}]}}}