{"meta":{"code":200,"requestId":"58756299dd579728be5f07d9"},"response":{"hours":{"timeframes":[{"days":[1,2,3,4,5],"includesToday":true,"open":[{"start":"0500","end":"2300"}],"segments":[]},{"days":[6,7],"open":[{"start":"0530","end":"2300"}],"segments":[]}]},"popular":{"timeframes":[{"days":[2],"includesToday":true,"open":[{"start":"0800","end":"1700"}],"segments":[]},{"days":[3],"open":[{"start":"0800","end":"1900"}],"segments":[]},{"days":[4],"open":[{"start":"0800","end":"1800"}],"segments":[]},{"days":[5,6,7],"open":[{"start":"0800","end":"2000"}],"segments":[]},{"days":[1],"open":[{"start":"0800","end":"1800"}],"segments":[]}]}}}