{"meta":{"code":200,"requestId":"587569a46a607123cb6a82ac"},"response":{"hours":{},"popular":{"timeframes":[{"days":[2],"includesToday":true,"open":[{"start":"0700","end":"1700"}],"segments":[]},{"days":[3],"open":[{"start":"0800","end":"1400"},{"start":"1600","end":"1900"}],"segments":[]},{"days":[4],"open":[{"start":"0700","end":"1000"},{"start":"1300","end":"1400"},{"start":"1600","end":"1900"}],"segments":[]},{"days":[5],"open":[{"start":"0700","end":"1600"},{"start":"1900","end":"2100"}],"segments":[]},{"days":[6],"open":[{"start":"0800","end":"2100"}],"segments":[]},{"days":[7],"open":[{"start":"0900","end":"1900"}],"segments":[]},{"days":[1],"open":[{"start":"0700","end":"1500"},{"start":"1800","end":"1900"}],"segments":[]}]}}}