{"meta":{"code":200,"requestId":"58756918dd579728a0e870c1"},"response":{"hours":{"timeframes":[{"days":[1,2,3,4,5,6,7],"includesToday":true,"open":[{"start":"0500","end":"2200"}],"segments":[]}]},"popular":{"timeframes":[{"days":[2],"includesToday":true,"open":[{"start":"0600","end":"1100"},{"start":"1500","end":"1600"},{"start":"1900","end":"2000"}],"segments":[]},{"days":[3],"open":[{"start":"0500","end":"1100"},{"start":"1600","end":"1900"}],"segments":[]},{"days":[4],"open":[{"start":"0500","end":"1400"},{"start":"1600","end":"2100"}],"segments":[]},{"days":[5],"open":[{"start":"0500","end":"1300"},{"start":"1500","end":"2200"}],"segments":[]},{"days":[6],"open":[{"start":"0500","end":"1100"},{"start":"1600","end":"1700"},{"start":"1900","end":"2000"}],"segments":[]},{"days":[7],"open":[{"start":"0500","end":"0900"},{"start":"1200","end":"1800"},{"start":"2000","end":"2100"}],"segments":[]},{"days":[1],"open":[{"start":"0600","end":"1300"},{"start":"1500","end":"2000"}],"segments":[]}]}}}