{"meta":{"code":200,"requestId":"587564a46a607123cb527d65"},"response":{"hours":{"timeframes":[{"days":[1,2,3,4,5,6,7],"includesToday":true,"open":[{"start":"0700","end":"2200"}],"segments":[]}]},"popular":{"timeframes":[{"days":[2],"includesToday":true,"open":[{"start":"0800","end":"1300"},{"start":"1500","end":"2100"}],"segments":[]},{"days":[3],"open":[{"start":"0800","end":"1300"},{"start":"1500","end":"2100"}],"segments":[]},{"days":[4],"open":[{"start":"0800","end":"1300"},{"start":"1500","end":"2000"}],"segments":[]},{"days":[5],"open":[{"start":"0800","end":"1600"},{"start":"1900","end":"2100"}],"segments":[]},{"days":[6],"open":[{"start":"0800","end":"2200"}],"segments":[]},{"days":[7],"open":[{"start":"0900","end":"2000"}],"segments":[]},{"days":[1],"open":[{"start":"0800","end":"1900"}],"segments":[]}]}}}