{"meta":{"code":200,"requestId":"587562684434b95ee8896415"},"response":{"hours":{"timeframes":[{"days":[1,2,3,4,5],"includesToday":true,"open":[{"start":"0600","end":"2130"}],"segments":[]},{"days":[6,7],"open":[{"start":"0630","end":"2130"}],"segments":[]}]},"popular":{"timeframes":[{"days":[2],"includesToday":true,"open":[{"start":"0600","end":"1700"}],"segments":[]},{"days":[3,4],"open":[{"start":"0600","end":"1800"}],"segments":[]},{"days":[5],"open":[{"start":"0700","end":"1800"}],"segments":[]},{"days":[6],"open":[{"start":"0800","end":"2000"}],"segments":[]},{"days":[7],"open":[{"start":"0900","end":"2000"}],"segments":[]},{"days":[1],"open":[{"start":"0600","end":"1800"}],"segments":[]}]}}}