{"meta":{"code":200,"requestId":"5875678c351e3d65627b415d"},"response":{"hours":{},"popular":{"timeframes":[{"days":[2],"includesToday":true,"open":[{"start":"1400","end":"1700"},{"start":"2000","end":"+0000"}],"segments":[]},{"days":[3],"open":[{"start":"1400","end":"+0000"}],"segments":[]},{"days":[4,5],"open":[{"start":"1700","end":"+0000"}],"segments":[]},{"days":[6],"open":[{"start":"1300","end":"1400"},{"start":"1800","end":"1900"},{"start":"2200","end":"+0000"}],"segments":[]},{"days":[7],"open":[{"start":"1500","end":"2200"}],"segments":[]},{"days":[1],"open":[{"start":"2000","end":"2100"},{"start":"2300","end":"+0000"}],"segments":[]}]}}}