{"meta":{"code":200,"requestId":"587568d61ed2196711252e52"},"response":{"hours":{"timeframes":[{"days":[1,2,3,4,7],"includesToday":true,"open":[{"start":"1000","end":"+0200"}],"segments":[]},{"days":[5,6],"open":[{"start":"1000","end":"+0400"}],"segments":[]}]},"popular":{"timeframes":[{"days":[2],"includesToday":true,"open":[{"start":"1200","end":"1500"},{"start":"1700","end":"+0100"}],"segments":[]},{"days":[3],"open":[{"start":"1100","end":"1600"},{"start":"1800","end":"+0100"}],"segments":[]},{"days":[4],"open":[{"start":"1200","end":"1400"},{"start":"1700","end":"+0200"}],"segments":[]},{"days":[5],"open":[{"start":"1300","end":"1500"},{"start":"1800","end":"2200"}],"segments":[]},{"days":[6],"open":[{"start":"0000","end":"+0300"}],"segments":[]},{"days":[7],"open":[{"start":"1200","end":"+0000"}],"segments":[]},{"days":[1],"open":[{"start":"1100","end":"1500"},{"start":"1800","end":"+0100"}],"segments":[]}]}}}