{"meta":{"code":200,"requestId":"587563b8db04f5158a42aefb"},"response":{"hours":{"timeframes":[{"days":[1,2,3,4,5,6,7],"includesToday":true,"open":[{"start":"0600","end":"1600"}],"segments":[]}]},"popular":{"timeframes":[{"days":[2],"includesToday":true,"open":[{"start":"0700","end":"0900"},{"start":"1100","end":"1400"}],"segments":[]},{"days":[3],"open":[{"start":"0800","end":"1400"}],"segments":[]},{"days":[4],"open":[{"start":"0800","end":"1300"},{"start":"1500","end":"1600"}],"segments":[]},{"days":[5],"open":[{"start":"0800","end":"1500"}],"segments":[]},{"days":[6],"open":[{"start":"0600","end":"1800"}],"segments":[]},{"days":[7],"open":[{"start":"0700","end":"1700"}],"segments":[]},{"days":[1],"open":[{"start":"0700","end":"1600"}],"segments":[]}]}}}