{"meta":{"code":200,"requestId":"58756885f594df2a115c7233"},"response":{"hours":{"timeframes":[{"days":[1,2,3,4,5],"includesToday":true,"open":[{"start":"0530","end":"2130"}],"segments":[]},{"days":[6,7],"open":[{"start":"0630","end":"2130"}],"segments":[]}]},"popular":{"timeframes":[{"days":[2],"includesToday":true,"open":[{"start":"0600","end":"1100"},{"start":"1300","end":"1800"}],"segments":[]},{"days":[3],"open":[{"start":"0600","end":"1900"}],"segments":[]},{"days":[4],"open":[{"start":"0600","end":"1700"},{"start":"1900","end":"2000"}],"segments":[]},{"days":[5],"open":[{"start":"0600","end":"1100"},{"start":"1300","end":"1400"},{"start":"1800","end":"1900"}],"segments":[]},{"days":[6],"open":[{"start":"0800","end":"1700"}],"segments":[]},{"days":[7],"open":[{"start":"0900","end":"1500"}],"segments":[]},{"days":[1],"open":[{"start":"0600","end":"1200"},{"start":"1500","end":"1900"}],"segments":[]}]}}}