{"meta":{"code":200,"requestId":"58756acff594df2a45c998df"},"response":{"hours":{},"popular":{"timeframes":[{"days":[2],"includesToday":true,"open":[{"start":"0100","end":"+0200"}],"segments":[]},{"days":[3,4],"open":[{"start":"0200","end":"+0300"}],"segments":[]},{"days":[5],"open":[{"start":"1200","end":"2000"},{"start":"2300","end":"+0300"}],"segments":[]},{"days":[6],"open":[{"start":"1400","end":"1700"},{"start":"1900","end":"+0200"}],"segments":[]},{"days":[7],"open":[{"start":"0400","end":"0500"},{"start":"1300","end":"1600"},{"start":"1800","end":"2100"}],"segments":[]},{"days":[1],"open":[{"start":"1500","end":"1800"}],"segments":[]}]}}}