{"meta":{"code":200,"requestId":"587568fc6a607123ce213c57"},"response":{"hours":{"timeframes":[{"days":[1,2,3],"includesToday":true,"open":[{"start":"1100","end":"+0200"}],"segments":[]},{"days":[4,5,6],"open":[{"start":"1100","end":"+0300"}],"segments":[]},{"days":[7],"open":[{"start":"1200","end":"+0200"}],"segments":[]}]},"popular":{"timeframes":[{"days":[2],"includesToday":true,"open":[{"start":"1800","end":"2300"}],"segments":[]},{"days":[3],"open":[{"start":"1300","end":"1400"},{"start":"1800","end":"1900"},{"start":"2300","end":"+0100"}],"segments":[]},{"days":[4],"open":[{"start":"1700","end":"2200"}],"segments":[]},{"days":[5],"open":[{"start":"0900","end":"1000"},{"start":"1400","end":"1500"},{"start":"1900","end":"2100"}],"segments":[]},{"days":[6],"open":[{"start":"0000","end":"+0200"}],"segments":[]},{"days":[7],"open":[{"start":"1300","end":"1700"}],"segments":[]},{"days":[1],"open":[{"start":"1300","end":"1400"},{"start":"1700","end":"2200"}],"segments":[]}]}}}