{"meta":{"code":200,"requestId":"58756937f594df2a45c2300a"},"response":{"hours":{"timeframes":[{"days":[1,2,3,4,7],"includesToday":true,"open":[{"start":"1100","end":"2200"}],"segments":[]},{"days":[5,6],"open":[{"start":"1100","end":"2300"}],"segments":[]}]},"popular":{"timeframes":[{"days":[2],"includesToday":true,"open":[{"start":"1400","end":"2200"}],"segments":[]},{"days":[3,4],"open":[{"start":"1200","end":"2200"}],"segments":[]},{"days":[5,6],"open":[{"start":"1200","end":"2300"}],"segments":[]},{"days":[7],"open":[{"start":"1100","end":"2200"}],"segments":[]},{"days":[1],"open":[{"start":"1300","end":"2200"}],"segments":[]}]}}}