{"meta":{"code":200,"requestId":"58756759351e3d65627a4a9c"},"response":{"hours":{},"popular":{"timeframes":[{"days":[2],"includesToday":true,"open":[{"start":"0700","end":"0900"},{"start":"1200","end":"2100"}],"segments":[]},{"days":[3],"open":[{"start":"1200","end":"+0000"}],"segments":[]},{"days":[4],"open":[{"start":"0700","end":"0800"},{"start":"1200","end":"+0000"}],"segments":[]},{"days":[5],"open":[{"start":"0800","end":"0900"},{"start":"1200","end":"1600"},{"start":"1800","end":"2300"}],"segments":[]},{"days":[6],"open":[{"start":"0800","end":"0900"},{"start":"1200","end":"+0100"}],"segments":[]},{"days":[7],"open":[{"start":"1100","end":"+0000"}],"segments":[]},{"days":[1],"open":[{"start":"0700","end":"0900"},{"start":"1200","end":"1400"},{"start":"1600","end":"2200"}],"segments":[]}]}}}