{"meta":{"code":200,"requestId":"58756498f594df2a1035c60d"},"response":{"hours":{"timeframes":[{"days":[3,4,5],"open":[{"start":"1500","end":"2300"}],"segments":[]},{"days":[6],"open":[{"start":"1130","end":"2300"}],"segments":[]},{"days":[7],"open":[{"start":"1100","end":"2100"}],"segments":[]}]},"popular":{"timeframes":[{"days":[2],"includesToday":true,"open":[{"start":"1800","end":"2000"}],"segments":[]},{"days":[3],"open":[{"start":"1800","end":"2100"}],"segments":[]},{"days":[4],"open":[{"start":"1300","end":"1400"},{"start":"1700","end":"2300"}],"segments":[]},{"days":[5],"open":[{"start":"1800","end":"+0000"}],"segments":[]},{"days":[6],"open":[{"start":"1200","end":"+0000"}],"segments":[]},{"days":[7],"open":[{"start":"1100","end":"2100"}],"segments":[]},{"days":[1],"open":[{"start":"1300","end":"1600"},{"start":"2000","end":"2100"}],"segments":[]}]}}}