{"meta":{"code":200,"requestId":"587560909fb6b7455fadab55"},"response":{"hours":{},"popular":{"timeframes":[{"days":[2],"includesToday":true,"open":[{"start":"0700","end":"1500"},{"start":"1900","end":"2000"}],"segments":[]},{"days":[3],"open":[{"start":"0500","end":"1700"},{"start":"1900","end":"2000"}],"segments":[]},{"days":[4],"open":[{"start":"0500","end":"0600"},{"start":"0800","end":"1000"},{"start":"1200","end":"1700"},{"start":"1900","end":"2000"}],"segments":[]},{"days":[5],"open":[{"start":"0500","end":"1000"},{"start":"1400","end":"2000"}],"segments":[]},{"days":[6],"open":[{"start":"0700","end":"1500"}],"segments":[]},{"days":[7],"open":[{"start":"1100","end":"1400"},{"start":"1700","end":"2000"}],"segments":[]},{"days":[1],"open":[{"start":"0500","end":"1600"},{"start":"1800","end":"1900"}],"segments":[]}]}}}