{"meta":{"code":200,"requestId":"587562454c1f6765ecb4443e"},"response":{"hours":{},"popular":{"timeframes":[{"days":[2],"includesToday":true,"open":[{"start":"0700","end":"1900"}],"segments":[]},{"days":[3],"open":[{"start":"0700","end":"1800"}],"segments":[]},{"days":[4],"open":[{"start":"0700","end":"1800"},{"start":"2100","end":"2200"}],"segments":[]},{"days":[5],"open":[{"start":"0800","end":"0900"},{"start":"1100","end":"1800"}],"segments":[]},{"days":[6],"open":[],"segments":[]},{"days":[7],"open":[{"start":"0800","end":"0900"},{"start":"1100","end":"1200"}],"segments":[]},{"days":[1],"open":[{"start":"0800","end":"1800"}],"segments":[]}]}}}