{"meta":{"code":200,"requestId":"587568ef4c1f6765eee19db8"},"response":{"hours":{},"popular":{"timeframes":[{"days":[2],"includesToday":true,"open":[{"start":"1100","end":"1400"},{"start":"1700","end":"2000"}],"segments":[]},{"days":[3],"open":[{"start":"1100","end":"1500"},{"start":"1700","end":"2300"}],"segments":[]},{"days":[4],"open":[{"start":"1200","end":"1400"},{"start":"1700","end":"2200"}],"segments":[]},{"days":[5],"open":[{"start":"1200","end":"+0000"}],"segments":[]},{"days":[6],"open":[{"start":"1200","end":"1500"},{"start":"1700","end":"1900"}],"segments":[]},{"days":[7],"open":[{"start":"1200","end":"1500"},{"start":"1800","end":"2000"},{"start":"2200","end":"2300"}],"segments":[]},{"days":[1],"open":[{"start":"1200","end":"2000"}],"segments":[]}]}}}