{"meta":{"code":200,"requestId":"587568ad351e3d6561873fc7"},"response":{"hours":{},"popular":{"timeframes":[{"days":[2],"includesToday":true,"open":[{"start":"0800","end":"1700"}],"segments":[]},{"days":[3],"open":[{"start":"0800","end":"1700"}],"segments":[]},{"days":[4],"open":[{"start":"0700","end":"1200"},{"start":"1500","end":"1800"}],"segments":[]},{"days":[5],"open":[{"start":"0700","end":"1600"}],"segments":[]},{"days":[6],"open":[{"start":"0900","end":"1700"}],"segments":[]},{"days":[7],"open":[{"start":"1000","end":"1500"}],"segments":[]},{"days":[1],"open":[{"start":"0800","end":"1000"},{"start":"1200","end":"1800"}],"segments":[]}]}}}