{"meta":{"code":200,"requestId":"58756a074c1f6765eee6c18b"},"response":{"hours":{"timeframes":[{"days":[1,2,3,4,5],"includesToday":true,"open":[{"start":"1130","end":"2200"}],"segments":[]},{"days":[6],"open":[{"start":"1600","end":"2230"}],"segments":[]},{"days":[7],"open":[{"start":"1300","end":"2200"}],"segments":[]}]},"popular":{"timeframes":[{"days":[2],"includesToday":true,"open":[{"start":"1400","end":"1500"},{"start":"2000","end":"2300"}],"segments":[]},{"days":[3],"open":[{"start":"1700","end":"2300"}],"segments":[]},{"days":[4],"open":[{"start":"1700","end":"2200"}],"segments":[]},{"days":[5],"open":[{"start":"1000","end":"1100"},{"start":"1800","end":"+0300"}],"segments":[]},{"days":[6],"open":[{"start":"1200","end":"+0200"}],"segments":[]},{"days":[7],"open":[{"start":"1200","end":"2000"}],"segments":[]},{"days":[1],"open":[{"start":"1900","end":"2000"}],"segments":[]}]}}}