{"meta":{"code":200,"requestId":"587567444c1f6765ed6c16c0"},"response":{"hours":{"timeframes":[{"days":[1,2,3,4,7],"includesToday":true,"open":[{"start":"0700","end":"2300"}],"segments":[]},{"days":[5,6],"open":[{"start":"0700","end":"+0000"}],"segments":[]}]},"popular":{"timeframes":[{"days":[2],"includesToday":true,"open":[{"start":"1000","end":"1500"},{"start":"1800","end":"1900"}],"segments":[]},{"days":[3],"open":[{"start":"0900","end":"1400"}],"segments":[]},{"days":[4],"open":[{"start":"0800","end":"1400"}],"segments":[]},{"days":[5],"open":[{"start":"0900","end":"1700"}],"segments":[]},{"days":[6],"open":[{"start":"0800","end":"2000"}],"segments":[]},{"days":[7],"open":[{"start":"0800","end":"1900"}],"segments":[]},{"days":[1],"open":[{"start":"0900","end":"1500"}],"segments":[]}]}}}