{"meta":{"code":200,"requestId":"587565e29fb6b74593b98b50"},"response":{"hours":{"timeframes":[{"days":[1,2,3,4,5,6,7],"includesToday":true,"open":[{"start":"0400","end":"+0400"}],"segments":[]}]},"popular":{"timeframes":[{"days":[2],"includesToday":true,"open":[{"start":"0700","end":"1100"},{"start":"1600","end":"1700"},{"start":"2100","end":"+0000"}],"segments":[]},{"days":[3],"open":[{"start":"0700","end":"1000"},{"start":"1200","end":"1900"}],"segments":[]},{"days":[4],"open":[{"start":"0700","end":"1100"},{"start":"1300","end":"1700"},{"start":"1900","end":"2000"}],"segments":[]},{"days":[5],"open":[{"start":"0700","end":"1000"},{"start":"1200","end":"1700"}],"segments":[]},{"days":[6],"open":[{"start":"0000","end":"+0100"}],"segments":[]},{"days":[7],"open":[{"start":"0900","end":"2100"}],"segments":[]},{"days":[1],"open":[{"start":"0700","end":"1100"},{"start":"1400","end":"2200"}],"segments":[]}]}}}