{"meta":{"code":200,"requestId":"587569276a607123cd032c38"},"response":{"hours":{"timeframes":[{"days":[1,2,3,4,5,6,7],"includesToday":true,"open":[{"start":"1100","end":"2200"}],"segments":[]}]},"popular":{"timeframes":[{"days":[2],"includesToday":true,"open":[{"start":"1600","end":"2300"}],"segments":[]},{"days":[3],"open":[{"start":"1700","end":"2300"}],"segments":[]},{"days":[4],"open":[{"start":"1700","end":"2200"}],"segments":[]},{"days":[5],"open":[{"start":"1500","end":"1700"},{"start":"1900","end":"+0000"}],"segments":[]},{"days":[6],"open":[{"start":"1500","end":"2200"}],"segments":[]},{"days":[7],"open":[{"start":"1100","end":"+0000"}],"segments":[]},{"days":[1],"open":[{"start":"1500","end":"1600"},{"start":"1800","end":"+0000"}],"segments":[]}]}}}