{"meta":{"code":200,"requestId":"587566cdf594df2a11543a0e"},"response":{"hours":{"timeframes":[{"days":[1,2,3,4,5],"includesToday":true,"open":[{"start":"0530","end":"2230"}],"segments":[]},{"days":[6,7],"open":[{"start":"0630","end":"2200"}],"segments":[]}]},"popular":{"timeframes":[{"days":[2],"includesToday":true,"open":[{"start":"0700","end":"0900"},{"start":"1200","end":"2100"}],"segments":[]},{"days":[3],"open":[{"start":"0700","end":"1800"}],"segments":[]},{"days":[4],"open":[{"start":"0700","end":"1800"},{"start":"2000","end":"2100"}],"segments":[]},{"days":[5],"open":[{"start":"0800","end":"1800"},{"start":"2000","end":"2100"}],"segments":[]},{"days":[6,7],"open":[{"start":"0800","end":"1900"}],"segments":[]},{"days":[1],"open":[{"start":"0700","end":"2100"}],"segments":[]}]}}}