{"meta":{"code":200,"requestId":"587569776a607123cd04a423"},"response":{"hours":{},"popular":{"timeframes":[{"days":[2],"includesToday":true,"open":[{"start":"0700","end":"1800"}],"segments":[]},{"days":[3],"open":[{"start":"0800","end":"1700"}],"segments":[]},{"days":[4],"open":[{"start":"0800","end":"1500"}],"segments":[]},{"days":[5],"open":[{"start":"0800","end":"0900"},{"start":"1100","end":"1200"},{"start":"1500","end":"1800"}],"segments":[]},{"days":[6],"open":[{"start":"0800","end":"1400"},{"start":"1800","end":"1900"},{"start":"2100","end":"2200"}],"segments":[]},{"days":[7],"open":[{"start":"0000","end":"+0200"}],"segments":[]},{"days":[1],"open":[{"start":"0700","end":"1500"},{"start":"1900","end":"2000"}],"segments":[]}]}}}