{"meta":{"code":200,"requestId":"58756a84dd579728b4c4f1cb"},"response":{"hours":{},"popular":{"timeframes":[{"days":[2],"includesToday":true,"open":[{"start":"1300","end":"1500"},{"start":"1800","end":"1900"},{"start":"2300","end":"+0100"}],"segments":[]},{"days":[3],"open":[{"start":"0700","end":"0800"},{"start":"1000","end":"1600"}],"segments":[]},{"days":[4],"open":[{"start":"0000","end":"+0100"}],"segments":[]},{"days":[5],"open":[{"start":"0700","end":"0800"},{"start":"1100","end":"2100"},{"start":"2300","end":"+0300"}],"segments":[]},{"days":[6],"open":[{"start":"0900","end":"2000"},{"start":"2200","end":"+0000"}],"segments":[]},{"days":[7],"open":[{"start":"0300","end":"+0400"}],"segments":[]},{"days":[1],"open":[{"start":"1100","end":"2000"}],"segments":[]}]}}}