{"meta":{"code":200,"requestId":"587565766a607123cb5683b6"},"response":{"hours":{"timeframes":[{"days":[1,2,3,4,5,6,7],"includesToday":true,"open":[{"start":"1100","end":"2230"}],"segments":[]}]},"popular":{"timeframes":[{"days":[2],"includesToday":true,"open":[{"start":"1300","end":"1600"},{"start":"1800","end":"2200"}],"segments":[]},{"days":[3],"open":[{"start":"0800","end":"0900"},{"start":"1200","end":"1300"},{"start":"1900","end":"2200"}],"segments":[]},{"days":[4],"open":[{"start":"1200","end":"1300"},{"start":"1500","end":"2300"}],"segments":[]},{"days":[5],"open":[{"start":"0800","end":"0900"},{"start":"1200","end":"2200"}],"segments":[]},{"days":[6],"open":[{"start":"0100","end":"+0200"}],"segments":[]},{"days":[7],"open":[{"start":"1400","end":"1700"},{"start":"1900","end":"2300"}],"segments":[]},{"days":[1],"open":[{"start":"1100","end":"2000"}],"segments":[]}]}}}