{"meta":{"code":200,"requestId":"587569a8dd579728b4c0eff3"},"response":{"hours":{"timeframes":[{"days":[1,2,3,4,5,6],"includesToday":true,"open":[{"start":"0600","end":"+0000"}],"segments":[]},{"days":[7],"open":[{"start":"0700","end":"+0000"}],"segments":[]}]},"popular":{"timeframes":[{"days":[2],"includesToday":true,"open":[{"start":"1200","end":"1500"},{"start":"1700","end":"2300"}],"segments":[]},{"days":[3],"open":[{"start":"1100","end":"2100"}],"segments":[]},{"days":[4],"open":[{"start":"1100","end":"2300"}],"segments":[]},{"days":[5],"open":[{"start":"1100","end":"1400"},{"start":"1600","end":"2100"}],"segments":[]},{"days":[6],"open":[{"start":"0900","end":"2300"}],"segments":[]},{"days":[7],"open":[{"start":"1200","end":"2000"},{"start":"2300","end":"+0000"}],"segments":[]},{"days":[1],"open":[{"start":"0900","end":"1400"},{"start":"1600","end":"2000"},{"start":"2200","end":"+0000"}],"segments":[]}]}}}