{"meta":{"code":200,"requestId":"587569e39fb6b7455efbcfe9"},"response":{"hours":{},"popular":{"timeframes":[{"days":[2],"includesToday":true,"open":[{"start":"1900","end":"+0100"}],"segments":[]},{"days":[3,4],"open":[{"start":"1900","end":"+0100"}],"segments":[]},{"days":[5],"open":[{"start":"1600","end":"+0200"}],"segments":[]},{"days":[6],"open":[{"start":"1300","end":"+0100"}],"segments":[]},{"days":[7],"open":[{"start":"1300","end":"2200"}],"segments":[]},{"days":[1],"open":[],"segments":[]}]}}}