{"meta":{"code":200,"requestId":"587565441ed2196710a3dc2a"},"response":{"hours":{},"popular":{"timeframes":[{"days":[2],"includesToday":true,"open":[{"start":"1100","end":"2200"}],"segments":[]},{"days":[3],"open":[{"start":"1200","end":"+0000"}],"segments":[]},{"days":[4,5],"open":[{"start":"1200","end":"2200"}],"segments":[]},{"days":[6],"open":[{"start":"1300","end":"2200"}],"segments":[]},{"days":[7],"open":[{"start":"1200","end":"2100"}],"segments":[]},{"days":[1],"open":[{"start":"1100","end":"2100"}],"segments":[]}]}}}