{"meta":{"code":200,"requestId":"5875642b351e3d65626ad54b"},"response":{"hours":{"timeframes":[{"days":[1,2,3,4,5,6,7],"includesToday":true,"open":[{"start":"0730","end":"2300"}],"segments":[]}]},"popular":{"timeframes":[{"days":[2],"includesToday":true,"open":[{"start":"1100","end":"1400"}],"segments":[]},{"days":[3],"open":[{"start":"0800","end":"1300"},{"start":"1800","end":"1900"}],"segments":[]},{"days":[4],"open":[{"start":"0800","end":"1300"},{"start":"1900","end":"2000"}],"segments":[]},{"days":[5],"open":[{"start":"0800","end":"1300"},{"start":"1900","end":"2100"}],"segments":[]},{"days":[6],"open":[{"start":"0800","end":"2100"}],"segments":[]},{"days":[7],"open":[{"start":"0900","end":"2000"}],"segments":[]},{"days":[1],"open":[{"start":"0900","end":"1400"}],"segments":[]}]}}}