{"meta":{"code":200,"requestId":"587560d5351e3d655d3912b7"},"response":{"hours":{},"popular":{"timeframes":[{"days":[2],"includesToday":true,"open":[{"start":"0600","end":"0700"},{"start":"0900","end":"1000"},{"start":"1300","end":"1800"},{"start":"2200","end":"2300"}],"segments":[]},{"days":[3],"open":[{"start":"0800","end":"1400"},{"start":"1800","end":"1900"},{"start":"2200","end":"2300"}],"segments":[]},{"days":[4],"open":[{"start":"0700","end":"1300"},{"start":"2200","end":"+0100"}],"segments":[]},{"days":[5],"open":[{"start":"0700","end":"1000"},{"start":"1300","end":"1800"}],"segments":[]},{"days":[6],"open":[{"start":"0700","end":"1400"},{"start":"2200","end":"+0100"}],"segments":[]},{"days":[7],"open":[{"start":"0600","end":"1800"},{"start":"2200","end":"2300"}],"segments":[]},{"days":[1],"open":[{"start":"0900","end":"1400"}],"segments":[]}]}}}