{"meta":{"code":200,"requestId":"587564bb9fb6b745ad48f44d"},"response":{"hours":{},"popular":{"timeframes":[{"days":[2],"includesToday":true,"open":[{"start":"1300","end":"1400"}],"segments":[]},{"days":[3],"open":[{"start":"1100","end":"1200"},{"start":"1800","end":"1900"},{"start":"2100","end":"+0200"}],"segments":[]},{"days":[4],"open":[{"start":"1900","end":"2000"},{"start":"2200","end":"+0200"}],"segments":[]},{"days":[5],"open":[{"start":"1100","end":"1200"},{"start":"1800","end":"+0400"}],"segments":[]},{"days":[6],"open":[{"start":"1000","end":"1500"},{"start":"1700","end":"+0400"}],"segments":[]},{"days":[7],"open":[{"start":"0900","end":"1800"},{"start":"2000","end":"2100"}],"segments":[]},{"days":[1],"open":[{"start":"1000","end":"1100"},{"start":"2000","end":"2300"}],"segments":[]}]}}}