{"meta":{"code":200,"requestId":"5875650df594df2a45ae315e"},"response":{"hours":{"timeframes":[{"days":[1,2,3,4,5,6],"includesToday":true,"open":[{"start":"0500","end":"+0000"}],"segments":[]},{"days":[7],"open":[{"start":"0600","end":"+0000"}],"segments":[]}]},"popular":{"timeframes":[{"days":[2],"includesToday":true,"open":[{"start":"1200","end":"1400"},{"start":"1700","end":"2100"}],"segments":[]},{"days":[3],"open":[{"start":"0900","end":"1500"},{"start":"1800","end":"2100"}],"segments":[]},{"days":[4],"open":[{"start":"1200","end":"1400"},{"start":"1800","end":"2000"}],"segments":[]},{"days":[5],"open":[{"start":"1100","end":"1500"},{"start":"1900","end":"2100"}],"segments":[]},{"days":[6],"open":[{"start":"0900","end":"1400"},{"start":"1700","end":"2000"}],"segments":[]},{"days":[7],"open":[{"start":"0900","end":"1300"},{"start":"1600","end":"1900"}],"segments":[]},{"days":[1],"open":[{"start":"1100","end":"1400"},{"start":"1800","end":"2100"}],"segments":[]}]}}}