{"meta":{"code":200,"requestId":"5875663d9fb6b745ad504fb9"},"response":{"hours":{"timeframes":[{"days":[1,2,7],"includesToday":true,"open":[{"start":"1100","end":"+0000"}],"segments":[]},{"days":[3,4],"open":[{"start":"1100","end":"+0045"}],"segments":[]},{"days":[6],"open":[{"start":"1100","end":"+0145"}],"segments":[]}]},"popular":{"timeframes":[{"days":[2],"includesToday":true,"open":[{"start":"1400","end":"1500"},{"start":"1700","end":"+0000"}],"segments":[]},{"days":[3],"open":[{"start":"1300","end":"1400"},{"start":"1800","end":"+0000"}],"segments":[]},{"days":[4],"open":[{"start":"1400","end":"+0100"}],"segments":[]},{"days":[5],"open":[],"segments":[]},{"days":[6],"open":[{"start":"2100","end":"+0100"}],"segments":[]},{"days":[7],"open":[{"start":"1300","end":"2200"}],"segments":[]},{"days":[1],"open":[{"start":"1800","end":"+0000"}],"segments":[]}]}}}