{"meta":{"code":200,"requestId":"58756992f594df2a5f808242"},"response":{"hours":{"timeframes":[{"days":[1,2,3,4,5],"includesToday":true,"open":[{"start":"1600","end":"+0200"}],"segments":[]},{"days":[6,7],"open":[{"start":"1100","end":"+0200"}],"segments":[]}]},"popular":{"timeframes":[{"days":[2],"includesToday":true,"open":[{"start":"0600","end":"0700"},{"start":"1900","end":"2100"}],"segments":[]},{"days":[3],"open":[{"start":"0600","end":"0700"},{"start":"1800","end":"2300"}],"segments":[]},{"days":[4],"open":[{"start":"0600","end":"0700"},{"start":"1900","end":"2300"}],"segments":[]},{"days":[5],"open":[{"start":"0600","end":"0700"},{"start":"1800","end":"+0000"}],"segments":[]},{"days":[6],"open":[{"start":"1100","end":"+0100"}],"segments":[]},{"days":[7],"open":[{"start":"1100","end":"2200"}],"segments":[]},{"days":[1],"open":[{"start":"0600","end":"0700"},{"start":"1800","end":"2300"}],"segments":[]}]}}}