{"meta":{"code":200,"requestId":"587567b6dd579728b4b7b10b"},"response":{"hours":{"timeframes":[{"days":[1,2,3,4,5,6],"includesToday":true,"open":[{"start":"0600","end":"+0000"}],"segments":[]},{"days":[7],"open":[{"start":"0700","end":"+0000"}],"segments":[]}]},"popular":{"timeframes":[{"days":[2],"includesToday":true,"open":[{"start":"1200","end":"1900"}],"segments":[]},{"days":[3],"open":[{"start":"0000","end":"+0100"}],"segments":[]},{"days":[4],"open":[{"start":"0300","end":"+0400"}],"segments":[]},{"days":[5],"open":[{"start":"0200","end":"+0400"}],"segments":[]},{"days":[6],"open":[{"start":"0100","end":"+0400"}],"segments":[]},{"days":[7],"open":[{"start":"0900","end":"1000"},{"start":"1300","end":"1600"},{"start":"1900","end":"2200"}],"segments":[]},{"days":[1],"open":[{"start":"1200","end":"1900"},{"start":"2200","end":"2300"}],"segments":[]}]}}}