{"meta":{"code":200,"requestId":"587568011ed2196710b0e49f"},"response":{"hours":{},"popular":{"timeframes":[{"days":[2],"includesToday":true,"open":[{"start":"0700","end":"2200"}],"segments":[]},{"days":[3],"open":[{"start":"0700","end":"1100"},{"start":"1300","end":"1400"},{"start":"1600","end":"1900"}],"segments":[]},{"days":[4],"open":[{"start":"0700","end":"1200"},{"start":"1400","end":"2200"}],"segments":[]},{"days":[5],"open":[{"start":"0900","end":"1600"},{"start":"1800","end":"1900"}],"segments":[]},{"days":[6],"open":[{"start":"0900","end":"1800"},{"start":"2000","end":"2300"}],"segments":[]},{"days":[7],"open":[{"start":"1400","end":"1500"},{"start":"1800","end":"2200"}],"segments":[]},{"days":[1],"open":[{"start":"0700","end":"1200"},{"start":"1500","end":"1600"},{"start":"1800","end":"2000"}],"segments":[]}]}}}