{"meta":{"code":200,"requestId":"587569414434b95ee8aac393"},"response":{"hours":{"timeframes":[{"days":[1,2,3,4,5,6,7],"includesToday":true,"open":[{"start":"0400","end":"+0400"}],"segments":[]}]},"popular":{"timeframes":[{"days":[2],"includesToday":true,"open":[{"start":"0700","end":"1700"}],"segments":[]},{"days":[3],"open":[{"start":"0700","end":"1000"},{"start":"1200","end":"1400"},{"start":"1600","end":"2100"}],"segments":[]},{"days":[4],"open":[{"start":"0600","end":"1500"}],"segments":[]},{"days":[5],"open":[{"start":"0700","end":"2100"}],"segments":[]},{"days":[6],"open":[{"start":"0700","end":"0800"},{"start":"1000","end":"1400"},{"start":"1700","end":"1800"},{"start":"2200","end":"2300"}],"segments":[]},{"days":[7],"open":[{"start":"0800","end":"1300"},{"start":"1500","end":"1600"},{"start":"1800","end":"1900"}],"segments":[]},{"days":[1],"open":[{"start":"0700","end":"1700"},{"start":"1900","end":"2100"}],"segments":[]}]}}}