{"meta":{"code":200,"requestId":"587568ecdd579728b4bd8073"},"response":{"hours":{},"popular":{"timeframes":[{"days":[2],"includesToday":true,"open":[{"start":"0700","end":"1000"},{"start":"1300","end":"1400"},{"start":"2200","end":"2300"}],"segments":[]},{"days":[3],"open":[{"start":"0700","end":"1400"},{"start":"2100","end":"2200"}],"segments":[]},{"days":[4],"open":[{"start":"0700","end":"1000"},{"start":"1300","end":"1400"},{"start":"1800","end":"1900"},{"start":"2200","end":"+0000"}],"segments":[]},{"days":[5],"open":[{"start":"0700","end":"1100"},{"start":"1800","end":"1900"}],"segments":[]},{"days":[6],"open":[{"start":"0800","end":"1800"}],"segments":[]},{"days":[7],"open":[{"start":"0900","end":"1400"},{"start":"2200","end":"2300"}],"segments":[]},{"days":[1],"open":[{"start":"0700","end":"1200"},{"start":"1900","end":"2300"}],"segments":[]}]}}}