{"meta":{"code":200,"requestId":"5875656a4c1f6765ecc403ec"},"response":{"hours":{},"popular":{"timeframes":[{"days":[2],"includesToday":true,"open":[{"start":"0000","end":"+0300"}],"segments":[]},{"days":[3],"open":[{"start":"2300","end":"+0100"}],"segments":[]},{"days":[4],"open":[{"start":"1800","end":"1900"},{"start":"2200","end":"+0300"}],"segments":[]},{"days":[5],"open":[{"start":"1800","end":"1900"},{"start":"2100","end":"+0300"}],"segments":[]},{"days":[6],"open":[{"start":"1900","end":"+0400"}],"segments":[]},{"days":[7],"open":[{"start":"2200","end":"2300"}],"segments":[]},{"days":[1],"open":[],"segments":[]}]}}}