{"meta":{"code":200,"requestId":"587564d66a607123cfd6e4c4"},"response":{"hours":{},"popular":{"timeframes":[{"days":[2],"includesToday":true,"open":[{"start":"0700","end":"1400"},{"start":"1600","end":"2300"}],"segments":[]},{"days":[3],"open":[{"start":"0700","end":"1800"}],"segments":[]},{"days":[4],"open":[{"start":"0700","end":"1700"},{"start":"1900","end":"2000"}],"segments":[]},{"days":[5],"open":[{"start":"0700","end":"2000"}],"segments":[]},{"days":[6],"open":[{"start":"0800","end":"1500"},{"start":"1800","end":"2100"}],"segments":[]},{"days":[7],"open":[{"start":"0900","end":"2200"}],"segments":[]},{"days":[1],"open":[{"start":"0800","end":"1500"},{"start":"1900","end":"2100"}],"segments":[]}]}}}