{"meta":{"code":200,"requestId":"58756101dd579728bbc99501"},"response":{"hours":{"timeframes":[{"days":[2,3,4],"includesToday":true,"open":[{"start":"1130","end":"1500"}],"segments":[]},{"days":[5,6],"open":[{"start":"1130","end":"2300"}],"segments":[]},{"days":[7],"open":[{"start":"1130","end":"1400"}],"segments":[]}]},"popular":{"timeframes":[{"days":[2],"includesToday":true,"open":[{"start":"1400","end":"1500"},{"start":"1900","end":"2000"}],"segments":[]},{"days":[3,4],"open":[{"start":"1800","end":"2100"}],"segments":[]},{"days":[5],"open":[{"start":"1900","end":"2200"}],"segments":[]},{"days":[6],"open":[{"start":"1200","end":"2300"}],"segments":[]},{"days":[7],"open":[{"start":"1100","end":"2000"}],"segments":[]},{"days":[1],"open":[],"segments":[]}]}}}