{"meta":{"code":200,"requestId":"5875674c351e3d655f4bddd8"},"response":{"hours":{"timeframes":[{"days":[1,2,3,4,5],"includesToday":true,"open":[{"start":"0700","end":"2230"}],"segments":[]},{"days":[6],"open":[{"start":"0800","end":"2230"}],"segments":[]},{"days":[7],"open":[{"start":"0900","end":"2100"}],"segments":[]}]},"popular":{"timeframes":[{"days":[2],"includesToday":true,"open":[{"start":"1200","end":"1300"},{"start":"1600","end":"2100"}],"segments":[]},{"days":[3],"open":[{"start":"0900","end":"1000"},{"start":"1200","end":"1800"}],"segments":[]},{"days":[4],"open":[{"start":"1200","end":"2000"}],"segments":[]},{"days":[5],"open":[{"start":"1200","end":"1500"},{"start":"1700","end":"2100"}],"segments":[]},{"days":[6],"open":[{"start":"1200","end":"1400"},{"start":"1700","end":"1900"}],"segments":[]},{"days":[7],"open":[{"start":"0900","end":"1000"},{"start":"1600","end":"1800"}],"segments":[]},{"days":[1],"open":[{"start":"1000","end":"1800"},{"start":"2100","end":"2200"}],"segments":[]}]}}}