{"meta":{"code":200,"requestId":"5875664b1ed219670eff2ad5"},"response":{"hours":{},"popular":{"timeframes":[{"days":[2],"includesToday":true,"open":[{"start":"1800","end":"2200"}],"segments":[]},{"days":[3],"open":[{"start":"1900","end":"2100"}],"segments":[]},{"days":[4],"open":[{"start":"1900","end":"2200"}],"segments":[]},{"days":[5,6],"open":[{"start":"1800","end":"2300"}],"segments":[]},{"days":[7],"open":[{"start":"1700","end":"2200"}],"segments":[]},{"days":[1],"open":[{"start":"1600","end":"2100"}],"segments":[]}]}}}