{"meta":{"code":200,"requestId":"587567944434b95eb2ebb1e1"},"response":{"hours":{},"popular":{"timeframes":[{"days":[2],"includesToday":true,"open":[{"start":"0600","end":"1700"}],"segments":[]},{"days":[3],"open":[{"start":"0700","end":"1600"}],"segments":[]},{"days":[4],"open":[{"start":"0700","end":"1200"}],"segments":[]},{"days":[5],"open":[{"start":"0600","end":"1600"},{"start":"1800","end":"1900"}],"segments":[]},{"days":[6],"open":[{"start":"0800","end":"1700"}],"segments":[]},{"days":[7],"open":[{"start":"0800","end":"1500"}],"segments":[]},{"days":[1],"open":[{"start":"0700","end":"1200"},{"start":"1400","end":"1600"},{"start":"1800","end":"1900"}],"segments":[]}]}}}