{"meta":{"code":200,"requestId":"58756656db04f5158dbd28f4"},"response":{"hours":{"timeframes":[{"days":[2,3,4,7],"includesToday":true,"open":[{"start":"0700","end":"2000"}],"segments":[]},{"days":[5,6],"open":[{"start":"0700","end":"2100"}],"segments":[]}]},"popular":{"timeframes":[{"days":[2],"includesToday":true,"open":[{"start":"1000","end":"2100"}],"segments":[]},{"days":[3],"open":[{"start":"1000","end":"1100"},{"start":"1300","end":"1900"}],"segments":[]},{"days":[4],"open":[{"start":"0900","end":"1200"},{"start":"1400","end":"2100"}],"segments":[]},{"days":[5],"open":[{"start":"1300","end":"1400"},{"start":"1600","end":"2000"}],"segments":[]},{"days":[6],"open":[{"start":"1000","end":"2100"}],"segments":[]},{"days":[7],"open":[{"start":"1100","end":"2000"}],"segments":[]},{"days":[1],"open":[],"segments":[]}]}}}