{"meta":{"code":200,"requestId":"587565094c1f676608491c98"},"response":{"hours":{},"popular":{"timeframes":[{"days":[2],"includesToday":true,"open":[{"start":"0600","end":"0800"},{"start":"1100","end":"1700"}],"segments":[]},{"days":[3],"open":[{"start":"0700","end":"0800"},{"start":"1100","end":"2200"}],"segments":[]},{"days":[4],"open":[{"start":"0700","end":"1500"},{"start":"1700","end":"1900"}],"segments":[]},{"days":[5],"open":[{"start":"0700","end":"0900"},{"start":"1200","end":"1500"},{"start":"1700","end":"2200"}],"segments":[]},{"days":[6],"open":[{"start":"0900","end":"1500"},{"start":"1700","end":"2000"},{"start":"2200","end":"2300"}],"segments":[]},{"days":[7],"open":[{"start":"0900","end":"1400"},{"start":"1600","end":"1800"},{"start":"2000","end":"2300"}],"segments":[]},{"days":[1],"open":[{"start":"0700","end":"1000"},{"start":"1200","end":"1600"},{"start":"1900","end":"2200"}],"segments":[]}]}}}