{"meta":{"code":200,"requestId":"587562af4c1f6766083d5af1"},"response":{"hours":{"timeframes":[{"days":[1,2,3,4,5],"includesToday":true,"open":[{"start":"0800","end":"2200"}],"segments":[]},{"days":[6],"open":[{"start":"0900","end":"2200"}],"segments":[]},{"days":[7],"open":[{"start":"1000","end":"2200"}],"segments":[]}]},"popular":{"timeframes":[{"days":[2],"includesToday":true,"open":[{"start":"1000","end":"1900"}],"segments":[]},{"days":[3],"open":[{"start":"0900","end":"1900"}],"segments":[]},{"days":[4],"open":[{"start":"0900","end":"1700"},{"start":"1900","end":"2200"}],"segments":[]},{"days":[5],"open":[{"start":"0800","end":"1000"},{"start":"1200","end":"2000"}],"segments":[]},{"days":[6],"open":[{"start":"1100","end":"1900"}],"segments":[]},{"days":[7],"open":[{"start":"1200","end":"1500"},{"start":"1700","end":"2000"}],"segments":[]},{"days":[1],"open":[{"start":"0800","end":"1700"},{"start":"2000","end":"2200"}],"segments":[]}]}}}