{"meta":{"code":200,"requestId":"58756537db04f5158b51af27"},"response":{"hours":{},"popular":{"timeframes":[{"days":[2],"includesToday":true,"open":[{"start":"0600","end":"1700"}],"segments":[]},{"days":[3],"open":[{"start":"0600","end":"1500"},{"start":"1700","end":"1800"}],"segments":[]},{"days":[4],"open":[{"start":"0600","end":"1500"},{"start":"2100","end":"2200"}],"segments":[]},{"days":[5],"open":[{"start":"0600","end":"1500"},{"start":"1700","end":"2200"}],"segments":[]},{"days":[6],"open":[{"start":"0600","end":"0800"},{"start":"1000","end":"1500"},{"start":"1700","end":"2000"}],"segments":[]},{"days":[7],"open":[{"start":"0100","end":"+0200"}],"segments":[]},{"days":[1],"open":[{"start":"0600","end":"1200"},{"start":"1400","end":"1500"},{"start":"1700","end":"1800"},{"start":"2000","end":"2100"}],"segments":[]}]}}}