{"meta":{"code":200,"requestId":"587565b2f594df2a79045bc4"},"response":{"hours":{"timeframes":[{"days":[1,2,3,4,5],"includesToday":true,"open":[{"start":"0600","end":"2000"}],"segments":[]},{"days":[6],"open":[{"start":"0700","end":"2000"}],"segments":[]},{"days":[7],"open":[{"start":"0700","end":"1700"}],"segments":[]}]},"popular":{"timeframes":[{"days":[2],"includesToday":true,"open":[{"start":"0800","end":"1900"}],"segments":[]},{"days":[3],"open":[{"start":"1100","end":"1900"}],"segments":[]},{"days":[4],"open":[{"start":"0800","end":"0900"},{"start":"1100","end":"2000"}],"segments":[]},{"days":[5],"open":[{"start":"0800","end":"1400"},{"start":"1600","end":"1900"}],"segments":[]},{"days":[6],"open":[{"start":"1000","end":"1800"}],"segments":[]},{"days":[7],"open":[{"start":"1000","end":"1600"}],"segments":[]},{"days":[1],"open":[{"start":"0800","end":"0900"},{"start":"1100","end":"1900"}],"segments":[]}]}}}