{"meta":{"code":200,"requestId":"587565b4db04f5158ce787d6"},"response":{"hours":{},"popular":{"timeframes":[{"days":[2],"includesToday":true,"open":[{"start":"1600","end":"2100"},{"start":"2300","end":"+0000"}],"segments":[]},{"days":[3],"open":[{"start":"1700","end":"+0000"}],"segments":[]},{"days":[4],"open":[{"start":"1600","end":"2200"}],"segments":[]},{"days":[5],"open":[{"start":"1600","end":"+0000"}],"segments":[]},{"days":[6],"open":[{"start":"1200","end":"+0100"}],"segments":[]},{"days":[7],"open":[{"start":"1100","end":"2100"}],"segments":[]},{"days":[1],"open":[{"start":"1600","end":"1900"}],"segments":[]}]}}}