{"meta":{"code":200,"requestId":"58756a93351e3d655d68c948"},"response":{"hours":{},"popular":{"timeframes":[{"days":[2],"includesToday":true,"open":[{"start":"1400","end":"1500"},{"start":"1900","end":"2000"}],"segments":[]},{"days":[3],"open":[{"start":"1800","end":"2100"}],"segments":[]},{"days":[4],"open":[{"start":"1800","end":"2300"}],"segments":[]},{"days":[5],"open":[{"start":"1700","end":"+0100"}],"segments":[]},{"days":[6],"open":[{"start":"1100","end":"2300"}],"segments":[]},{"days":[7],"open":[{"start":"1100","end":"2100"}],"segments":[]},{"days":[1],"open":[{"start":"1900","end":"2000"}],"segments":[]}]}}}