{"meta":{"code":200,"requestId":"587568976a607123cfe8f7aa"},"response":{"hours":{},"popular":{"timeframes":[{"days":[2],"includesToday":true,"open":[{"start":"0800","end":"1800"}],"segments":[]},{"days":[3],"open":[{"start":"0700","end":"2000"}],"segments":[]},{"days":[4],"open":[{"start":"0800","end":"0900"},{"start":"1100","end":"2100"}],"segments":[]},{"days":[5],"open":[{"start":"0700","end":"2000"}],"segments":[]},{"days":[6],"open":[{"start":"0900","end":"1500"}],"segments":[]},{"days":[7],"open":[],"segments":[]},{"days":[1],"open":[{"start":"0900","end":"1900"}],"segments":[]}]}}}