{"meta":{"code":200,"requestId":"58756ab94c1f6765ecdd3d49"},"response":{"hours":{},"popular":{"timeframes":[{"days":[2],"includesToday":true,"open":[{"start":"1100","end":"+0200"}],"segments":[]},{"days":[3],"open":[{"start":"1100","end":"2000"},{"start":"2300","end":"+0100"}],"segments":[]},{"days":[4],"open":[{"start":"1300","end":"+0100"}],"segments":[]},{"days":[5],"open":[{"start":"1100","end":"+0100"}],"segments":[]},{"days":[6],"open":[{"start":"1200","end":"1700"},{"start":"2000","end":"+0100"}],"segments":[]},{"days":[7],"open":[{"start":"0400","end":"0500"},{"start":"1200","end":"1400"},{"start":"1600","end":"1700"},{"start":"1900","end":"+0000"}],"segments":[]},{"days":[1],"open":[{"start":"1200","end":"1900"},{"start":"2300","end":"+0000"}],"segments":[]}]}}}