{"meta":{"code":200,"requestId":"587566629fb6b745ad50fe5c"},"response":{"hours":{"timeframes":[{"days":[1,2,3,4],"includesToday":true,"open":[{"start":"1100","end":"2300"}],"segments":[]},{"days":[5,6],"open":[{"start":"1100","end":"+0000"}],"segments":[]},{"days":[7],"open":[{"start":"1200","end":"2300"}],"segments":[]}]},"popular":{"timeframes":[{"days":[2],"includesToday":true,"open":[{"start":"1200","end":"1400"},{"start":"1600","end":"1700"},{"start":"1900","end":"2200"}],"segments":[]},{"days":[3],"open":[{"start":"1200","end":"2200"}],"segments":[]},{"days":[4],"open":[{"start":"1200","end":"2100"}],"segments":[]},{"days":[5],"open":[{"start":"1100","end":"2200"}],"segments":[]},{"days":[6,7],"open":[{"start":"1200","end":"2200"}],"segments":[]},{"days":[1],"open":[{"start":"1200","end":"2200"}],"segments":[]}]}}}