{"meta":{"code":200,"requestId":"5875631ddb04f5158a3fa804"},"response":{"hours":{"timeframes":[{"days":[4,5,6],"open":[{"start":"0800","end":"2300"}],"segments":[{"start":"0800","end":"2200","label":"Sun - Wed"}]}]},"popular":{"timeframes":[{"days":[2],"includesToday":true,"open":[{"start":"0800","end":"0900"},{"start":"1100","end":"1200"},{"start":"1600","end":"1900"}],"segments":[]},{"days":[3],"open":[{"start":"0800","end":"0900"},{"start":"1500","end":"2200"}],"segments":[]},{"days":[4],"open":[{"start":"0800","end":"0900"},{"start":"1600","end":"2100"}],"segments":[]},{"days":[5],"open":[{"start":"0800","end":"1100"},{"start":"1600","end":"2200"}],"segments":[]},{"days":[6],"open":[{"start":"0900","end":"1400"},{"start":"1600","end":"2200"}],"segments":[]},{"days":[7],"open":[{"start":"1000","end":"1400"},{"start":"1800","end":"2000"}],"segments":[]},{"days":[1],"open":[{"start":"1300","end":"1400"},{"start":"1600","end":"1900"}],"segments":[]}]}}}