{"meta":{"code":200,"requestId":"587562c61ed219671268c190"},"response":{"hours":{},"popular":{"timeframes":[{"days":[2],"includesToday":true,"open":[{"start":"1100","end":"1200"},{"start":"1400","end":"2100"}],"segments":[]},{"days":[3],"open":[{"start":"1200","end":"2000"}],"segments":[]},{"days":[4],"open":[{"start":"1100","end":"1500"},{"start":"1700","end":"2000"}],"segments":[]},{"days":[5],"open":[{"start":"1100","end":"1400"},{"start":"1600","end":"2100"}],"segments":[]},{"days":[6,7],"open":[{"start":"1200","end":"2100"}],"segments":[]},{"days":[1],"open":[{"start":"1200","end":"2100"}],"segments":[]}]}}}