{"meta":{"code":200,"requestId":"587564f0dd5797289fbe06af"},"response":{"hours":{},"popular":{"timeframes":[{"days":[2],"includesToday":true,"open":[{"start":"1200","end":"2000"}],"segments":[]},{"days":[3],"open":[{"start":"1100","end":"2100"}],"segments":[]},{"days":[4],"open":[{"start":"1200","end":"2100"}],"segments":[]},{"days":[5],"open":[{"start":"1100","end":"2000"}],"segments":[]},{"days":[6],"open":[{"start":"1200","end":"2000"}],"segments":[]},{"days":[7],"open":[{"start":"1200","end":"1800"}],"segments":[]},{"days":[1],"open":[{"start":"1200","end":"2100"}],"segments":[]}]}}}