{"meta":{"code":200,"requestId":"58756600dd579728bbe2a80c"},"response":{"hours":{"timeframes":[{"days":[1,2,3,4,5,6],"includesToday":true,"open":[{"start":"0500","end":"1700"}],"segments":[]},{"days":[7],"open":[{"start":"0530","end":"1600"}],"segments":[]}]},"popular":{"timeframes":[{"days":[2],"includesToday":true,"open":[{"start":"0800","end":"1300"}],"segments":[]},{"days":[3],"open":[{"start":"0700","end":"1300"}],"segments":[]},{"days":[4],"open":[{"start":"0800","end":"1600"}],"segments":[]},{"days":[5,6],"open":[{"start":"0800","end":"1500"}],"segments":[]},{"days":[7],"open":[{"start":"0800","end":"1400"}],"segments":[]},{"days":[1],"open":[{"start":"0800","end":"1200"}],"segments":[]}]}}}