{"meta":{"code":200,"requestId":"587569dcf594df2a45c539f6"},"response":{"hours":{"timeframes":[{"days":[1,2,3,4,5],"includesToday":true,"open":[{"start":"0700","end":"2300"}],"segments":[]},{"days":[6],"open":[{"start":"0800","end":"2200"}],"segments":[]},{"days":[7],"open":[{"start":"0900","end":"2200"}],"segments":[]}]},"popular":{"timeframes":[{"days":[2],"includesToday":true,"open":[{"start":"1200","end":"2300"}],"segments":[]},{"days":[3],"open":[{"start":"0900","end":"1000"},{"start":"1200","end":"2200"}],"segments":[]},{"days":[4],"open":[{"start":"1200","end":"2200"}],"segments":[]},{"days":[5],"open":[{"start":"1200","end":"1900"},{"start":"2100","end":"2200"}],"segments":[]},{"days":[6],"open":[{"start":"0000","end":"+0100"}],"segments":[]},{"days":[7],"open":[{"start":"1300","end":"1400"},{"start":"1700","end":"1800"}],"segments":[]},{"days":[1],"open":[{"start":"1100","end":"2200"}],"segments":[]}]}}}