{"meta":{"code":200,"requestId":"58756985f594df2a45c39fb5"},"response":{"hours":{},"popular":{"timeframes":[{"days":[2],"includesToday":true,"open":[{"start":"0500","end":"0600"},{"start":"1300","end":"2200"}],"segments":[]},{"days":[3],"open":[{"start":"0400","end":"0500"},{"start":"1100","end":"1200"},{"start":"1500","end":"2300"}],"segments":[]},{"days":[4],"open":[{"start":"0500","end":"0600"},{"start":"1400","end":"2200"}],"segments":[]},{"days":[5],"open":[{"start":"0500","end":"0600"},{"start":"1200","end":"2200"}],"segments":[]},{"days":[6],"open":[{"start":"0500","end":"0600"},{"start":"1100","end":"2200"}],"segments":[]},{"days":[7],"open":[{"start":"0400","end":"0500"},{"start":"1300","end":"2300"}],"segments":[]},{"days":[1],"open":[{"start":"1000","end":"2200"}],"segments":[]}]}}}