{"meta":{"code":200,"requestId":"5875658af594df2a114e2277"},"response":{"hours":{"timeframes":[{"days":[1,2,3,4,5,6,7],"includesToday":true,"open":[{"start":"0400","end":"+0400"}],"segments":[]}]},"popular":{"timeframes":[{"days":[2],"includesToday":true,"open":[{"start":"0700","end":"1200"},{"start":"2200","end":"2300"}],"segments":[]},{"days":[3],"open":[{"start":"0700","end":"1400"},{"start":"2200","end":"2300"}],"segments":[]},{"days":[4],"open":[{"start":"0700","end":"1300"},{"start":"2200","end":"2300"}],"segments":[]},{"days":[5],"open":[{"start":"0600","end":"1300"},{"start":"2200","end":"2300"}],"segments":[]},{"days":[6],"open":[{"start":"0500","end":"1400"},{"start":"1800","end":"1900"},{"start":"2200","end":"2300"}],"segments":[]},{"days":[7],"open":[{"start":"0700","end":"1600"},{"start":"2200","end":"2300"}],"segments":[]},{"days":[1],"open":[{"start":"0700","end":"1000"},{"start":"1300","end":"1400"},{"start":"2300","end":"+0000"}],"segments":[]}]}}}