{"meta":{"code":200,"requestId":"587566544c1f6765ecc8701a"},"response":{"hours":{"timeframes":[{"days":[1,2,3,4,5,6,7],"includesToday":true,"open":[{"start":"1100","end":"2200"}],"segments":[]}]},"popular":{"timeframes":[{"days":[2],"includesToday":true,"open":[{"start":"1300","end":"1500"},{"start":"1800","end":"2200"}],"segments":[]},{"days":[3],"open":[{"start":"1300","end":"1400"},{"start":"1600","end":"2300"}],"segments":[]},{"days":[4],"open":[{"start":"1300","end":"1400"},{"start":"1600","end":"2200"}],"segments":[]},{"days":[5],"open":[{"start":"1600","end":"2000"},{"start":"2200","end":"2300"}],"segments":[]},{"days":[6],"open":[{"start":"1300","end":"1400"},{"start":"1600","end":"2200"}],"segments":[]},{"days":[7],"open":[{"start":"1000","end":"1100"},{"start":"1300","end":"2200"}],"segments":[]},{"days":[1],"open":[{"start":"1400","end":"2300"}],"segments":[]}]}}}