{"meta":{"code":200,"requestId":"587569ee351e3d65628691a8"},"response":{"hours":{},"popular":{"timeframes":[{"days":[2],"includesToday":true,"open":[{"start":"0900","end":"1600"},{"start":"1800","end":"1900"}],"segments":[]},{"days":[3],"open":[{"start":"0800","end":"1800"}],"segments":[]},{"days":[4],"open":[{"start":"0800","end":"1700"}],"segments":[]},{"days":[5],"open":[{"start":"0800","end":"1600"}],"segments":[]},{"days":[6],"open":[{"start":"0800","end":"1400"},{"start":"1700","end":"2000"}],"segments":[]},{"days":[7],"open":[{"start":"0700","end":"0800"},{"start":"1000","end":"1400"},{"start":"1700","end":"1800"}],"segments":[]},{"days":[1],"open":[{"start":"0800","end":"1800"}],"segments":[]}]}}}