{"meta":{"code":200,"requestId":"587565884c1f67663c7512d5"},"response":{"hours":{"timeframes":[{"days":[1,2,3,4],"includesToday":true,"open":[{"start":"1100","end":"2300"}],"segments":[]},{"days":[5],"open":[{"start":"1100","end":"+0000"}],"segments":[]},{"days":[6],"open":[{"start":"1200","end":"+0000"}],"segments":[]},{"days":[7],"open":[{"start":"1200","end":"2300"}],"segments":[]}]},"popular":{"timeframes":[{"days":[2],"includesToday":true,"open":[{"start":"1800","end":"2200"}],"segments":[]},{"days":[3],"open":[{"start":"1200","end":"1300"},{"start":"1800","end":"2200"}],"segments":[]},{"days":[4],"open":[{"start":"1800","end":"2200"}],"segments":[]},{"days":[5],"open":[{"start":"1300","end":"1500"},{"start":"1800","end":"2300"}],"segments":[]},{"days":[6],"open":[{"start":"1200","end":"2300"}],"segments":[]},{"days":[7],"open":[{"start":"1200","end":"2200"}],"segments":[]},{"days":[1],"open":[{"start":"1200","end":"1300"},{"start":"1800","end":"2200"}],"segments":[]}]}}}