{"meta":{"code":200,"requestId":"587564d06a607123cdee4fb7"},"response":{"hours":{},"popular":{"timeframes":[{"days":[2],"includesToday":true,"open":[{"start":"1100","end":"1200"},{"start":"1700","end":"2200"}],"segments":[]},{"days":[3],"open":[{"start":"1500","end":"2200"}],"segments":[]},{"days":[4],"open":[{"start":"1300","end":"1400"},{"start":"1600","end":"+0100"}],"segments":[]},{"days":[5],"open":[{"start":"1700","end":"+0000"}],"segments":[]},{"days":[6],"open":[{"start":"1500","end":"+0100"}],"segments":[]},{"days":[7],"open":[{"start":"1900","end":"2200"}],"segments":[]},{"days":[1],"open":[{"start":"1400","end":"1500"},{"start":"1700","end":"2300"}],"segments":[]}]}}}