{"meta":{"code":200,"requestId":"58756aa34434b95efc2474f3"},"response":{"hours":{},"popular":{"timeframes":[{"days":[2],"includesToday":true,"open":[{"start":"1000","end":"1900"}],"segments":[]},{"days":[3],"open":[{"start":"1000","end":"2000"}],"segments":[]},{"days":[4],"open":[{"start":"1100","end":"1500"},{"start":"1700","end":"2000"}],"segments":[]},{"days":[5],"open":[{"start":"1100","end":"2100"}],"segments":[]},{"days":[6],"open":[{"start":"1100","end":"2000"}],"segments":[]},{"days":[7],"open":[{"start":"0900","end":"2000"}],"segments":[]},{"days":[1],"open":[{"start":"1000","end":"2000"}],"segments":[]}]}}}