{"meta":{"code":200,"requestId":"58756aef1ed21967128fb625"},"response":{"hours":{},"popular":{"timeframes":[{"days":[2],"includesToday":true,"open":[{"start":"1300","end":"2200"}],"segments":[]},{"days":[3],"open":[{"start":"1000","end":"1800"},{"start":"2000","end":"2200"}],"segments":[]},{"days":[4],"open":[{"start":"0800","end":"1000"},{"start":"1300","end":"1400"},{"start":"1800","end":"2000"},{"start":"2300","end":"+0000"}],"segments":[]},{"days":[5],"open":[{"start":"0800","end":"1200"},{"start":"1500","end":"+0000"}],"segments":[]},{"days":[6],"open":[{"start":"0800","end":"2200"}],"segments":[]},{"days":[7],"open":[{"start":"0000","end":"+0100"}],"segments":[]},{"days":[1],"open":[{"start":"0800","end":"0900"},{"start":"1200","end":"1400"},{"start":"1600","end":"2000"}],"segments":[]}]}}}