{"meta":{"code":200,"requestId":"587565e66a607123ca990be2"},"response":{"hours":{"timeframes":[{"days":[1,2,3,4,7],"includesToday":true,"open":[{"start":"0900","end":"2200"}],"segments":[]},{"days":[5],"open":[{"start":"0900","end":"1515"}],"segments":[]},{"days":[6],"open":[{"start":"2200","end":"+0100"}],"segments":[]}]},"popular":{"timeframes":[{"days":[2],"includesToday":true,"open":[{"start":"1200","end":"1600"},{"start":"1800","end":"2000"},{"start":"2200","end":"2300"}],"segments":[]},{"days":[3],"open":[{"start":"1100","end":"1400"},{"start":"1600","end":"2100"}],"segments":[]},{"days":[4],"open":[{"start":"1300","end":"1400"},{"start":"1800","end":"2200"}],"segments":[]},{"days":[5],"open":[{"start":"1100","end":"1400"}],"segments":[]},{"days":[6],"open":[{"start":"1900","end":"+0000"}],"segments":[]},{"days":[7],"open":[{"start":"1000","end":"2200"}],"segments":[]},{"days":[1],"open":[{"start":"1100","end":"1400"},{"start":"1800","end":"2100"}],"segments":[]}]}}}