{"meta":{"code":200,"requestId":"5875678e4c1f67663c7ec937"},"response":{"hours":{"timeframes":[{"days":[1,2,3,4,5,6,7],"includesToday":true,"open":[{"start":"0600","end":"2200"}],"segments":[]}]},"popular":{"timeframes":[{"days":[2],"includesToday":true,"open":[{"start":"0800","end":"1600"}],"segments":[]},{"days":[3],"open":[{"start":"0700","end":"1600"}],"segments":[]},{"days":[4],"open":[{"start":"0800","end":"1900"},{"start":"2200","end":"2300"}],"segments":[]},{"days":[5],"open":[{"start":"0800","end":"1400"},{"start":"1700","end":"1800"}],"segments":[]},{"days":[6],"open":[{"start":"1100","end":"1800"}],"segments":[]},{"days":[7],"open":[{"start":"0900","end":"1700"}],"segments":[]},{"days":[1],"open":[{"start":"0800","end":"0900"},{"start":"1100","end":"1600"}],"segments":[]}]}}}