{"meta":{"code":200,"requestId":"587566156a607123ce1354fa"},"response":{"hours":{},"popular":{"timeframes":[{"days":[2],"includesToday":true,"open":[{"start":"1400","end":"2000"}],"segments":[]},{"days":[3],"open":[{"start":"0900","end":"1000"},{"start":"1400","end":"2200"}],"segments":[]},{"days":[4],"open":[{"start":"1200","end":"1600"},{"start":"1800","end":"1900"}],"segments":[]},{"days":[5],"open":[{"start":"0800","end":"1100"},{"start":"1400","end":"1900"},{"start":"2200","end":"2300"}],"segments":[]},{"days":[6],"open":[{"start":"0800","end":"1200"},{"start":"1400","end":"1700"},{"start":"1900","end":"2100"}],"segments":[]},{"days":[7],"open":[{"start":"0800","end":"1200"},{"start":"1400","end":"1600"},{"start":"2100","end":"2200"}],"segments":[]},{"days":[1],"open":[{"start":"1100","end":"1200"},{"start":"1400","end":"2100"}],"segments":[]}]}}}