{"meta":{"code":200,"requestId":"58756142db04f5158a362324"},"response":{"hours":{},"popular":{"timeframes":[{"days":[2],"includesToday":true,"open":[{"start":"0700","end":"1100"},{"start":"1400","end":"1800"}],"segments":[]},{"days":[3],"open":[{"start":"0700","end":"1100"},{"start":"1400","end":"1800"},{"start":"2000","end":"2100"}],"segments":[]},{"days":[4],"open":[{"start":"0700","end":"1100"},{"start":"1700","end":"2200"}],"segments":[]},{"days":[5],"open":[{"start":"0600","end":"1800"},{"start":"2100","end":"2200"}],"segments":[]},{"days":[6],"open":[{"start":"0800","end":"1500"},{"start":"1800","end":"1900"}],"segments":[]},{"days":[7],"open":[{"start":"0800","end":"1700"}],"segments":[]},{"days":[1],"open":[{"start":"0700","end":"1600"}],"segments":[]}]}}}