{"meta":{"code":200,"requestId":"587567e21ed21967133b6147"},"response":{"hours":{},"popular":{"timeframes":[{"days":[2],"includesToday":true,"open":[{"start":"0800","end":"1600"}],"segments":[]},{"days":[3],"open":[{"start":"0900","end":"1000"},{"start":"1200","end":"1400"},{"start":"1800","end":"1900"}],"segments":[]},{"days":[4],"open":[{"start":"0900","end":"1200"},{"start":"1500","end":"1600"}],"segments":[]},{"days":[5],"open":[{"start":"0900","end":"1300"},{"start":"1700","end":"1800"}],"segments":[]},{"days":[6],"open":[{"start":"0900","end":"1700"},{"start":"2000","end":"2100"}],"segments":[]},{"days":[7],"open":[{"start":"0900","end":"1700"}],"segments":[]},{"days":[1],"open":[{"start":"0900","end":"1700"}],"segments":[]}]}}}