{"meta":{"code":200,"requestId":"5875643a351e3d65626b2028"},"response":{"hours":{"timeframes":[{"days":[1,2,3,4,5,6,7],"includesToday":true,"open":[{"start":"0400","end":"+0400"}],"segments":[]}]},"popular":{"timeframes":[{"days":[2],"includesToday":true,"open":[{"start":"0700","end":"1800"}],"segments":[]},{"days":[3],"open":[{"start":"0700","end":"1100"},{"start":"1400","end":"1900"}],"segments":[]},{"days":[4],"open":[{"start":"0700","end":"2100"}],"segments":[]},{"days":[5],"open":[{"start":"0700","end":"1000"},{"start":"1200","end":"1500"},{"start":"1700","end":"1800"}],"segments":[]},{"days":[6],"open":[{"start":"0800","end":"1700"}],"segments":[]},{"days":[7],"open":[{"start":"0900","end":"1400"},{"start":"1700","end":"1800"}],"segments":[]},{"days":[1],"open":[{"start":"0700","end":"1000"},{"start":"1200","end":"1800"}],"segments":[]}]}}}