{"meta":{"code":200,"requestId":"587561386a607123cb412648"},"response":{"hours":{},"popular":{"timeframes":[{"days":[2],"includesToday":true,"open":[{"start":"0700","end":"0900"},{"start":"1100","end":"1200"},{"start":"1800","end":"1900"}],"segments":[]},{"days":[3],"open":[{"start":"0700","end":"0900"},{"start":"1200","end":"1300"},{"start":"2000","end":"2200"}],"segments":[]},{"days":[4],"open":[{"start":"0700","end":"1100"},{"start":"1800","end":"1900"}],"segments":[]},{"days":[5],"open":[{"start":"0700","end":"0900"},{"start":"1800","end":"2200"}],"segments":[]},{"days":[6],"open":[{"start":"0900","end":"1600"},{"start":"1800","end":"1900"}],"segments":[]},{"days":[7],"open":[{"start":"0900","end":"1600"}],"segments":[]},{"days":[1],"open":[{"start":"0700","end":"0900"},{"start":"1600","end":"1700"},{"start":"1900","end":"2000"}],"segments":[]}]}}}