{"meta":{"code":200,"requestId":"587560cf1ed219670ee3ed68"},"response":{"hours":{},"popular":{"timeframes":[{"days":[2],"includesToday":true,"open":[{"start":"1200","end":"1300"},{"start":"1800","end":"2100"}],"segments":[]},{"days":[3],"open":[{"start":"1100","end":"1400"},{"start":"1600","end":"2100"}],"segments":[]},{"days":[4],"open":[{"start":"1100","end":"1300"},{"start":"1700","end":"2100"}],"segments":[]},{"days":[5],"open":[{"start":"1800","end":"2200"}],"segments":[]},{"days":[6],"open":[{"start":"0800","end":"2200"}],"segments":[]},{"days":[7],"open":[{"start":"0900","end":"2000"}],"segments":[]},{"days":[1],"open":[{"start":"1100","end":"1500"},{"start":"1700","end":"2100"}],"segments":[]}]}}}