{"meta":{"code":200,"requestId":"5875631c351e3d656265824f"},"response":{"hours":{},"popular":{"timeframes":[{"days":[2],"includesToday":true,"open":[{"start":"1200","end":"2000"}],"segments":[]},{"days":[3,4],"open":[{"start":"1200","end":"2000"}],"segments":[]},{"days":[5],"open":[{"start":"0800","end":"2100"}],"segments":[]},{"days":[6],"open":[{"start":"0900","end":"2000"}],"segments":[]},{"days":[7],"open":[{"start":"1000","end":"2000"}],"segments":[]},{"days":[1],"open":[{"start":"0900","end":"1000"},{"start":"1300","end":"2000"}],"segments":[]}]}}}