{"meta":{"code":200,"requestId":"5875660a4c1f6765ecc70d35"},"response":{"hours":{},"popular":{"timeframes":[{"days":[2],"includesToday":true,"open":[{"start":"0900","end":"1000"}],"segments":[]},{"days":[3],"open":[{"start":"0600","end":"0700"},{"start":"1200","end":"1300"},{"start":"1800","end":"2000"}],"segments":[]},{"days":[4],"open":[{"start":"0900","end":"1000"},{"start":"1800","end":"1900"}],"segments":[]},{"days":[5],"open":[{"start":"0400","end":"0500"},{"start":"1000","end":"1100"},{"start":"1300","end":"2100"}],"segments":[]},{"days":[6],"open":[{"start":"0900","end":"2000"}],"segments":[]},{"days":[7],"open":[{"start":"0800","end":"1500"},{"start":"1700","end":"1800"}],"segments":[]},{"days":[1],"open":[{"start":"0400","end":"0600"},{"start":"0800","end":"1200"},{"start":"1900","end":"2000"}],"segments":[]}]}}}