{"meta":{"code":200,"requestId":"5875691e1ed219671287585e"},"response":{"hours":{},"popular":{"timeframes":[{"days":[2],"includesToday":true,"open":[{"start":"0500","end":"1000"}],"segments":[]},{"days":[3],"open":[{"start":"0400","end":"0900"}],"segments":[]},{"days":[4],"open":[{"start":"0500","end":"1000"},{"start":"1600","end":"1700"}],"segments":[]},{"days":[5],"open":[{"start":"0400","end":"1100"}],"segments":[]},{"days":[6,7],"open":[{"start":"0500","end":"1000"}],"segments":[]},{"days":[1],"open":[{"start":"0500","end":"1000"},{"start":"1600","end":"1700"}],"segments":[]}]}}}