{"meta":{"code":200,"requestId":"5875675e9fb6b745ad55b2b8"},"response":{"hours":{},"popular":{"timeframes":[{"days":[2],"includesToday":true,"open":[{"start":"0600","end":"1000"},{"start":"1200","end":"1900"},{"start":"2100","end":"2200"}],"segments":[]},{"days":[3],"open":[{"start":"0600","end":"2300"}],"segments":[]},{"days":[4],"open":[{"start":"0500","end":"1800"},{"start":"2100","end":"2200"}],"segments":[]},{"days":[5],"open":[{"start":"0500","end":"0600"},{"start":"1200","end":"1500"},{"start":"1700","end":"1900"}],"segments":[]},{"days":[6],"open":[{"start":"1100","end":"1800"},{"start":"2000","end":"2100"}],"segments":[]},{"days":[7],"open":[{"start":"1600","end":"1800"}],"segments":[]},{"days":[1],"open":[{"start":"0600","end":"1000"},{"start":"1200","end":"2100"}],"segments":[]}]}}}