{"meta":{"code":200,"requestId":"587566c7351e3d655e6763de"},"response":{"hours":{"timeframes":[{"days":[1,2,3,4,5,6,7],"includesToday":true,"open":[{"start":"0745","end":"2000"}],"segments":[]}]},"popular":{"timeframes":[{"days":[2],"includesToday":true,"open":[{"start":"1000","end":"1500"}],"segments":[]},{"days":[3],"open":[{"start":"0700","end":"1500"},{"start":"1900","end":"2000"}],"segments":[]},{"days":[4],"open":[{"start":"0900","end":"1400"},{"start":"1800","end":"2000"}],"segments":[]},{"days":[5],"open":[{"start":"0800","end":"1000"},{"start":"1200","end":"1600"},{"start":"1900","end":"2000"}],"segments":[]},{"days":[6],"open":[{"start":"0800","end":"1800"}],"segments":[]},{"days":[7],"open":[{"start":"0900","end":"1500"},{"start":"1700","end":"1800"}],"segments":[]},{"days":[1],"open":[{"start":"0800","end":"1600"}],"segments":[]}]}}}