{"meta":{"code":200,"requestId":"587562adf594df2a79f55414"},"response":{"hours":{},"popular":{"timeframes":[{"days":[2],"includesToday":true,"open":[{"start":"1500","end":"1700"},{"start":"1900","end":"2300"}],"segments":[]},{"days":[3],"open":[{"start":"1400","end":"1600"},{"start":"1900","end":"+0000"}],"segments":[]},{"days":[4],"open":[{"start":"1900","end":"2300"}],"segments":[]},{"days":[5],"open":[{"start":"1400","end":"1500"},{"start":"1700","end":"1800"},{"start":"2000","end":"2300"}],"segments":[]},{"days":[6],"open":[{"start":"1400","end":"1500"},{"start":"1800","end":"2300"}],"segments":[]},{"days":[7],"open":[{"start":"1500","end":"2300"}],"segments":[]},{"days":[1],"open":[{"start":"1400","end":"1500"},{"start":"1800","end":"2300"}],"segments":[]}]}}}