{"meta":{"code":200,"requestId":"5875647edb04f5158db42af6"},"response":{"hours":{},"popular":{"timeframes":[{"days":[2],"includesToday":true,"open":[],"segments":[]},{"days":[3],"open":[{"start":"1100","end":"1300"},{"start":"1900","end":"2200"}],"segments":[]},{"days":[4],"open":[],"segments":[]},{"days":[5],"open":[{"start":"1200","end":"1300"},{"start":"1800","end":"1900"}],"segments":[]},{"days":[6],"open":[{"start":"0800","end":"2300"}],"segments":[]},{"days":[7],"open":[{"start":"0300","end":"+0400"}],"segments":[]},{"days":[1],"open":[{"start":"0800","end":"0900"},{"start":"1100","end":"1300"},{"start":"2100","end":"2200"}],"segments":[]}]}}}