{"meta":{"code":200,"requestId":"58756a47351e3d656288312b"},"response":{"hours":{"timeframes":[{"days":[1,2,3,4,5],"includesToday":true,"open":[{"start":"0700","end":"2200"}],"segments":[]},{"days":[6],"open":[{"start":"0800","end":"2200"}],"segments":[]},{"days":[7],"open":[{"start":"0900","end":"2130"}],"segments":[]}]},"popular":{"timeframes":[{"days":[2],"includesToday":true,"open":[{"start":"1200","end":"2000"}],"segments":[]},{"days":[3],"open":[{"start":"1200","end":"1900"},{"start":"2100","end":"2200"}],"segments":[]},{"days":[4],"open":[{"start":"1300","end":"1600"},{"start":"1900","end":"2100"}],"segments":[]},{"days":[5],"open":[{"start":"1200","end":"1700"},{"start":"2000","end":"2100"}],"segments":[]},{"days":[6],"open":[{"start":"1200","end":"2200"}],"segments":[]},{"days":[7],"open":[{"start":"1400","end":"2000"}],"segments":[]},{"days":[1],"open":[{"start":"1100","end":"1600"}],"segments":[]}]}}}