{"meta":{"code":200,"requestId":"5875629d6a607123ce021514"},"response":{"hours":{},"popular":{"timeframes":[{"days":[2],"includesToday":true,"open":[{"start":"0800","end":"0900"},{"start":"1200","end":"2100"}],"segments":[]},{"days":[3],"open":[{"start":"0800","end":"0900"},{"start":"1200","end":"1600"},{"start":"1900","end":"2000"}],"segments":[]},{"days":[4],"open":[{"start":"1100","end":"1900"},{"start":"2100","end":"2300"}],"segments":[]},{"days":[5],"open":[{"start":"1000","end":"1800"},{"start":"2000","end":"2100"}],"segments":[]},{"days":[6],"open":[{"start":"0900","end":"+0100"}],"segments":[]},{"days":[7],"open":[{"start":"0900","end":"1000"},{"start":"1200","end":"1600"},{"start":"1800","end":"2100"}],"segments":[]},{"days":[1],"open":[{"start":"0900","end":"1800"}],"segments":[]}]}}}