{"meta":{"code":200,"requestId":"587562e5351e3d655e5442a4"},"response":{"hours":{},"popular":{"timeframes":[{"days":[2],"includesToday":true,"open":[{"start":"0600","end":"0700"},{"start":"1000","end":"1900"}],"segments":[]},{"days":[3],"open":[{"start":"0700","end":"0800"},{"start":"1000","end":"1900"}],"segments":[]},{"days":[4],"open":[{"start":"0800","end":"1000"},{"start":"1200","end":"1900"}],"segments":[]},{"days":[5],"open":[{"start":"0600","end":"0900"},{"start":"1100","end":"1900"}],"segments":[]},{"days":[6],"open":[{"start":"0900","end":"2100"}],"segments":[]},{"days":[7],"open":[{"start":"0900","end":"1600"}],"segments":[]},{"days":[1],"open":[{"start":"0700","end":"0800"},{"start":"1100","end":"1900"}],"segments":[]}]}}}