{"meta":{"code":200,"requestId":"587560ef1ed2196713193b52"},"response":{"hours":{"timeframes":[{"days":[1,2,3,4,7],"includesToday":true,"open":[{"start":"0500","end":"2300"}],"segments":[]},{"days":[5,6],"open":[{"start":"0500","end":"+0000"}],"segments":[]}]},"popular":{"timeframes":[{"days":[2],"includesToday":true,"open":[{"start":"0600","end":"1100"},{"start":"1600","end":"1700"}],"segments":[]},{"days":[3],"open":[{"start":"0600","end":"1200"}],"segments":[]},{"days":[4],"open":[{"start":"0600","end":"1000"}],"segments":[]},{"days":[5],"open":[{"start":"0600","end":"1100"}],"segments":[]},{"days":[6],"open":[{"start":"0700","end":"1300"}],"segments":[]},{"days":[7],"open":[{"start":"0800","end":"1400"}],"segments":[]},{"days":[1],"open":[{"start":"0600","end":"1200"}],"segments":[]}]}}}