{"meta":{"code":200,"requestId":"587568e1351e3d655f5374c6"},"response":{"hours":{"timeframes":[{"days":[1,2,3,4,5,6,7],"includesToday":true,"open":[{"start":"1100","end":"+0400"}],"segments":[]}]},"popular":{"timeframes":[{"days":[2],"includesToday":true,"open":[{"start":"2200","end":"2300"}],"segments":[]},{"days":[3],"open":[{"start":"2000","end":"+0200"}],"segments":[]},{"days":[4],"open":[{"start":"2000","end":"+0400"}],"segments":[]},{"days":[5,6],"open":[{"start":"1800","end":"+0400"}],"segments":[]},{"days":[7],"open":[{"start":"1600","end":"1700"},{"start":"1900","end":"2000"}],"segments":[]},{"days":[1],"open":[{"start":"2200","end":"+0100"}],"segments":[]}]}}}