{"meta":{"code":200,"requestId":"587566acf594df2a5f72b2cd"},"response":{"hours":{"timeframes":[{"days":[1,2],"includesToday":true,"open":[{"start":"1130","end":"+1000"}],"segments":[]},{"days":[3,4],"open":[{"start":"1130","end":"+1030"}],"segments":[]},{"days":[5,6],"open":[{"start":"1130","end":"2300"}],"segments":[]},{"days":[7],"open":[{"start":"1200","end":"2200"}],"segments":[]}]},"popular":{"timeframes":[{"days":[2],"includesToday":true,"open":[{"start":"1600","end":"2200"}],"segments":[]},{"days":[3,4],"open":[{"start":"1500","end":"2100"}],"segments":[]},{"days":[5],"open":[{"start":"1400","end":"2300"}],"segments":[]},{"days":[6],"open":[{"start":"1100","end":"2200"}],"segments":[]},{"days":[7],"open":[{"start":"1200","end":"2200"}],"segments":[]},{"days":[1],"open":[{"start":"1600","end":"2200"}],"segments":[]}]}}}