{"meta":{"code":200,"requestId":"5875650b4c1f67663c72b392"},"response":{"hours":{"timeframes":[{"days":[1,2,3,4,5,6],"includesToday":true,"open":[{"start":"0600","end":"+0000"}],"segments":[]},{"days":[7],"open":[{"start":"0700","end":"+0000"}],"segments":[]}]},"popular":{"timeframes":[{"days":[2],"includesToday":true,"open":[{"start":"1000","end":"2200"}],"segments":[]},{"days":[3],"open":[{"start":"0700","end":"0800"},{"start":"1200","end":"2100"}],"segments":[]},{"days":[4],"open":[{"start":"1200","end":"1900"},{"start":"2100","end":"2200"}],"segments":[]},{"days":[5],"open":[{"start":"1000","end":"1500"},{"start":"1700","end":"2200"}],"segments":[]},{"days":[6],"open":[{"start":"0900","end":"1000"},{"start":"1200","end":"2300"}],"segments":[]},{"days":[7],"open":[{"start":"1000","end":"2200"}],"segments":[]},{"days":[1],"open":[{"start":"1200","end":"2100"}],"segments":[]}]}}}