{"meta":{"code":200,"requestId":"587569554434b95eb3565475"},"response":{"hours":{},"popular":{"timeframes":[{"days":[2],"includesToday":true,"open":[{"start":"1000","end":"1100"},{"start":"1300","end":"2200"}],"segments":[]},{"days":[3],"open":[{"start":"0900","end":"1200"},{"start":"1600","end":"1800"},{"start":"2100","end":"2300"}],"segments":[]},{"days":[4],"open":[{"start":"1100","end":"1300"},{"start":"1500","end":"2300"}],"segments":[]},{"days":[5],"open":[{"start":"0800","end":"0900"},{"start":"1100","end":"1600"},{"start":"1800","end":"+0000"}],"segments":[]},{"days":[6],"open":[{"start":"0900","end":"1000"},{"start":"1200","end":"+0100"}],"segments":[]},{"days":[7],"open":[{"start":"1400","end":"1500"},{"start":"1700","end":"1800"},{"start":"2100","end":"2300"}],"segments":[]},{"days":[1],"open":[{"start":"1000","end":"1200"},{"start":"1400","end":"+0000"}],"segments":[]}]}}}