{"meta":{"code":200,"requestId":"587567ea4434b95eb34f9a56"},"response":{"hours":{"timeframes":[{"days":[1,2,3,4],"includesToday":true,"open":[{"start":"1000","end":"2045"}],"segments":[]},{"days":[5,6,7],"open":[{"start":"1000","end":"1945"}],"segments":[]}]},"popular":{"timeframes":[{"days":[2],"includesToday":true,"open":[{"start":"1100","end":"2100"}],"segments":[]},{"days":[3],"open":[{"start":"1100","end":"2100"}],"segments":[]},{"days":[4],"open":[{"start":"1100","end":"1500"},{"start":"1900","end":"2100"}],"segments":[]},{"days":[5],"open":[{"start":"1100","end":"2000"}],"segments":[]},{"days":[6,7],"open":[{"start":"1100","end":"1800"}],"segments":[]},{"days":[1],"open":[{"start":"1100","end":"2200"}],"segments":[]}]}}}