{"meta":{"code":200,"requestId":"5875694cdd579728a0e9666d"},"response":{"hours":{},"popular":{"timeframes":[{"days":[2],"includesToday":true,"open":[{"start":"0700","end":"1700"},{"start":"1900","end":"2100"}],"segments":[]},{"days":[3],"open":[{"start":"0800","end":"2200"}],"segments":[]},{"days":[4],"open":[{"start":"0800","end":"0900"},{"start":"1100","end":"2000"}],"segments":[]},{"days":[5],"open":[{"start":"0700","end":"0800"},{"start":"1100","end":"1300"},{"start":"1500","end":"2100"}],"segments":[]},{"days":[6],"open":[{"start":"0900","end":"1300"},{"start":"1500","end":"2300"}],"segments":[]},{"days":[7],"open":[{"start":"1400","end":"1900"},{"start":"2100","end":"2200"}],"segments":[]},{"days":[1],"open":[{"start":"0700","end":"0800"},{"start":"1000","end":"1300"},{"start":"1500","end":"1800"}],"segments":[]}]}}}