{"meta":{"code":200,"requestId":"587568a74c1f6765ed72b93b"},"response":{"hours":{},"popular":{"timeframes":[{"days":[2],"includesToday":true,"open":[{"start":"1000","end":"2100"}],"segments":[]},{"days":[3],"open":[{"start":"1200","end":"2200"}],"segments":[]},{"days":[4],"open":[{"start":"1200","end":"1400"},{"start":"1700","end":"2100"}],"segments":[]},{"days":[5],"open":[{"start":"1000","end":"+0000"}],"segments":[]},{"days":[6],"open":[{"start":"0900","end":"1000"},{"start":"1200","end":"1500"},{"start":"1800","end":"2200"}],"segments":[]},{"days":[7],"open":[{"start":"1500","end":"1800"},{"start":"2000","end":"2200"}],"segments":[]},{"days":[1],"open":[{"start":"1100","end":"1600"},{"start":"1800","end":"2300"}],"segments":[]}]}}}