{"meta":{"code":200,"requestId":"58756666dd579728b4b16f04"},"response":{"hours":{},"popular":{"timeframes":[{"days":[2],"includesToday":true,"open":[{"start":"0700","end":"1400"}],"segments":[]},{"days":[3],"open":[{"start":"0800","end":"1400"}],"segments":[]},{"days":[4],"open":[{"start":"0700","end":"1300"},{"start":"1800","end":"1900"}],"segments":[]},{"days":[5],"open":[{"start":"0700","end":"1400"},{"start":"1900","end":"2100"}],"segments":[]},{"days":[6],"open":[{"start":"0800","end":"2000"}],"segments":[]},{"days":[7],"open":[{"start":"0700","end":"1900"}],"segments":[]},{"days":[1],"open":[{"start":"0800","end":"0900"},{"start":"1200","end":"1300"},{"start":"1800","end":"2000"}],"segments":[]}]}}}