{"meta":{"code":200,"requestId":"587565b66a607123cca76359"},"response":{"hours":{},"popular":{"timeframes":[{"days":[2],"includesToday":true,"open":[{"start":"0600","end":"1700"}],"segments":[]},{"days":[3],"open":[{"start":"0600","end":"1300"},{"start":"1600","end":"1700"},{"start":"2000","end":"2100"}],"segments":[]},{"days":[4],"open":[{"start":"0600","end":"1100"},{"start":"1300","end":"2000"}],"segments":[]},{"days":[5],"open":[{"start":"0600","end":"1300"},{"start":"1600","end":"1800"}],"segments":[]},{"days":[6],"open":[{"start":"1000","end":"1200"},{"start":"1400","end":"1500"}],"segments":[]},{"days":[7],"open":[{"start":"0800","end":"1700"},{"start":"2300","end":"+0000"}],"segments":[]},{"days":[1],"open":[{"start":"0600","end":"0900"},{"start":"1200","end":"1800"},{"start":"2000","end":"2100"}],"segments":[]}]}}}