{"meta":{"code":200,"requestId":"58756add4c1f67660864df21"},"response":{"hours":{"timeframes":[{"days":[1,2,3,4,5,6,7],"includesToday":true,"open":[{"start":"0600","end":"2200"}],"segments":[]}]},"popular":{"timeframes":[{"days":[2],"includesToday":true,"open":[{"start":"0700","end":"0900"},{"start":"1500","end":"1600"},{"start":"1800","end":"2000"}],"segments":[]},{"days":[3],"open":[{"start":"0700","end":"0900"},{"start":"1700","end":"2100"}],"segments":[]},{"days":[4],"open":[{"start":"0700","end":"1100"},{"start":"1700","end":"2100"}],"segments":[]},{"days":[5],"open":[{"start":"0700","end":"0900"},{"start":"1600","end":"2200"}],"segments":[]},{"days":[6],"open":[{"start":"0800","end":"0900"},{"start":"1100","end":"1400"},{"start":"1600","end":"2100"}],"segments":[]},{"days":[7],"open":[{"start":"0900","end":"1200"},{"start":"1600","end":"1700"}],"segments":[]},{"days":[1],"open":[{"start":"0700","end":"1100"},{"start":"1700","end":"2200"}],"segments":[]}]}}}