{"meta":{"code":200,"requestId":"587566234c1f676622028d4f"},"response":{"hours":{},"popular":{"timeframes":[{"days":[2],"includesToday":true,"open":[{"start":"0600","end":"1300"}],"segments":[]},{"days":[3],"open":[{"start":"0600","end":"1200"}],"segments":[]},{"days":[4],"open":[{"start":"0600","end":"1300"}],"segments":[]},{"days":[5],"open":[{"start":"0600","end":"1500"}],"segments":[]},{"days":[6],"open":[{"start":"0700","end":"1400"}],"segments":[]},{"days":[7],"open":[{"start":"0900","end":"1400"}],"segments":[]},{"days":[1],"open":[{"start":"0600","end":"1300"}],"segments":[]}]}}}