{"meta":{"code":200,"requestId":"587564484434b95ee892cfb3"},"response":{"hours":{"timeframes":[{"days":[1,2,3,4,5],"includesToday":true,"open":[{"start":"0900","end":"1900"}],"segments":[]},{"days":[6],"open":[{"start":"0800","end":"1800"}],"segments":[]},{"days":[7],"open":[{"start":"0900","end":"1600"}],"segments":[]}]},"popular":{"timeframes":[{"days":[2],"includesToday":true,"open":[{"start":"1100","end":"1900"},{"start":"2200","end":"2300"}],"segments":[]},{"days":[3],"open":[{"start":"1000","end":"1900"}],"segments":[]},{"days":[4,5],"open":[{"start":"1100","end":"1900"}],"segments":[]},{"days":[6],"open":[{"start":"1100","end":"1800"}],"segments":[]},{"days":[7],"open":[{"start":"1100","end":"1600"},{"start":"2000","end":"2100"}],"segments":[]},{"days":[1],"open":[{"start":"1100","end":"1800"}],"segments":[]}]}}}