{"meta":{"code":200,"requestId":"58756affdd579728b4c72af6"},"response":{"hours":{},"popular":{"timeframes":[{"days":[2],"includesToday":true,"open":[{"start":"0500","end":"1300"},{"start":"1500","end":"1800"}],"segments":[]},{"days":[3],"open":[{"start":"0500","end":"1100"},{"start":"1400","end":"1700"},{"start":"2000","end":"2100"}],"segments":[]},{"days":[4],"open":[{"start":"0800","end":"0900"},{"start":"1100","end":"2200"}],"segments":[]},{"days":[5],"open":[{"start":"0700","end":"1000"},{"start":"1200","end":"2000"}],"segments":[]},{"days":[6],"open":[{"start":"0400","end":"0500"},{"start":"0800","end":"2100"}],"segments":[]},{"days":[7],"open":[{"start":"1000","end":"1900"}],"segments":[]},{"days":[1],"open":[{"start":"0500","end":"1000"},{"start":"1200","end":"2000"}],"segments":[]}]}}}