{"meta":{"code":200,"requestId":"587564ac9fb6b7455ee2cfb2"},"response":{"hours":{"timeframes":[{"days":[1,2,3,4,5,6],"includesToday":true,"open":[{"start":"0600","end":"+0000"}],"segments":[]},{"days":[7],"open":[{"start":"0700","end":"+0000"}],"segments":[]}]},"popular":{"timeframes":[{"days":[2],"includesToday":true,"open":[{"start":"1100","end":"1300"},{"start":"1500","end":"2200"}],"segments":[]},{"days":[3],"open":[{"start":"1300","end":"2000"}],"segments":[]},{"days":[4,5],"open":[{"start":"1200","end":"2200"}],"segments":[]},{"days":[6],"open":[{"start":"0900","end":"2000"}],"segments":[]},{"days":[7],"open":[{"start":"1000","end":"1800"}],"segments":[]},{"days":[1],"open":[{"start":"1100","end":"2100"}],"segments":[]}]}}}