{"meta":{"code":200,"requestId":"5875643c351e3d655d4a69ff"},"response":{"hours":{"timeframes":[{"days":[1,2,3,4,5,6,7],"includesToday":true,"open":[{"start":"0400","end":"+0400"}],"segments":[]}]},"popular":{"timeframes":[{"days":[2],"includesToday":true,"open":[{"start":"0800","end":"1100"}],"segments":[]},{"days":[3],"open":[{"start":"0800","end":"1200"},{"start":"1400","end":"1500"},{"start":"1700","end":"1800"}],"segments":[]},{"days":[4],"open":[{"start":"0800","end":"1100"}],"segments":[]},{"days":[5],"open":[{"start":"0800","end":"1200"},{"start":"1900","end":"2000"}],"segments":[]},{"days":[6],"open":[{"start":"0600","end":"1400"}],"segments":[]},{"days":[7],"open":[{"start":"0700","end":"1500"},{"start":"2300","end":"+0000"}],"segments":[]},{"days":[1],"open":[{"start":"0800","end":"1100"},{"start":"1400","end":"1500"}],"segments":[]}]}}}