{"meta":{"code":200,"requestId":"58756a434c1f676608621b61"},"response":{"hours":{"timeframes":[{"days":[1,2,3,4,5,6,7],"includesToday":true,"open":[{"start":"0630","end":"+0200"}],"segments":[]}]},"popular":{"timeframes":[{"days":[2],"includesToday":true,"open":[{"start":"1200","end":"2200"}],"segments":[]},{"days":[3],"open":[{"start":"1100","end":"2200"}],"segments":[]},{"days":[4],"open":[{"start":"0000","end":"+0100"}],"segments":[]},{"days":[5],"open":[{"start":"1100","end":"2100"},{"start":"2300","end":"+0000"}],"segments":[]},{"days":[6],"open":[{"start":"1100","end":"2200"}],"segments":[]},{"days":[7],"open":[{"start":"1200","end":"1500"},{"start":"1800","end":"2100"}],"segments":[]},{"days":[1],"open":[{"start":"1200","end":"2200"}],"segments":[]}]}}}