{"meta":{"code":200,"requestId":"587568b8f594df2a7912db45"},"response":{"hours":{"timeframes":[{"days":[1,2,3,4],"includesToday":true,"open":[{"start":"1000","end":"1900"}],"segments":[]},{"days":[5,6],"open":[{"start":"0900","end":"2000"}],"segments":[]},{"days":[7],"open":[{"start":"0900","end":"1700"}],"segments":[]}]},"popular":{"timeframes":[{"days":[2],"includesToday":true,"open":[{"start":"0900","end":"1900"}],"segments":[]},{"days":[3,4],"open":[{"start":"0900","end":"1900"}],"segments":[]},{"days":[5,6],"open":[{"start":"0800","end":"2000"}],"segments":[]},{"days":[7],"open":[{"start":"1100","end":"1700"}],"segments":[]},{"days":[1],"open":[{"start":"1100","end":"1900"}],"segments":[]}]}}}