{"meta":{"code":200,"requestId":"58756af29fb6b745ad668f9e"},"response":{"hours":{},"popular":{"timeframes":[{"days":[2],"includesToday":true,"open":[{"start":"1000","end":"1100"},{"start":"1600","end":"2100"}],"segments":[]},{"days":[3],"open":[{"start":"0000","end":"+0100"}],"segments":[]},{"days":[4],"open":[{"start":"1400","end":"1700"},{"start":"1900","end":"2300"}],"segments":[]},{"days":[5],"open":[{"start":"1400","end":"+0000"}],"segments":[]},{"days":[6],"open":[{"start":"0900","end":"2300"}],"segments":[]},{"days":[7],"open":[{"start":"1200","end":"2300"}],"segments":[]},{"days":[1],"open":[{"start":"1300","end":"1900"},{"start":"2300","end":"+0100"}],"segments":[]}]}}}