{"meta":{"code":200,"requestId":"58756065db04f51589de7e71"},"response":{"hours":{"timeframes":[{"days":[1,2,3],"includesToday":true,"open":[{"start":"1130","end":"2230"}],"segments":[]},{"days":[4],"open":[{"start":"1130","end":"2200"}],"segments":[]},{"days":[5],"open":[{"start":"1130","end":"2300"}],"segments":[]},{"days":[6],"open":[{"start":"1200","end":"2300"}],"segments":[]},{"days":[7],"open":[{"start":"1200","end":"2230"}],"segments":[]}]},"popular":{"timeframes":[{"days":[2],"includesToday":true,"open":[{"start":"0900","end":"1000"},{"start":"1800","end":"2300"}],"segments":[]},{"days":[3],"open":[{"start":"1300","end":"1500"},{"start":"1700","end":"2100"}],"segments":[]},{"days":[4],"open":[{"start":"1200","end":"1300"},{"start":"1800","end":"2100"}],"segments":[]},{"days":[5],"open":[{"start":"1400","end":"1500"},{"start":"1700","end":"2300"}],"segments":[]},{"days":[6],"open":[{"start":"1200","end":"1500"},{"start":"1700","end":"2300"}],"segments":[]},{"days":[7],"open":[{"start":"1400","end":"1500"},{"start":"1700","end":"2100"}],"segments":[]},{"days":[1],"open":[{"start":"1400","end":"1500"},{"start":"1700","end":"2100"}],"segments":[]}]}}}