{"meta":{"code":200,"requestId":"587568a54c1f6765eee03abe"},"response":{"hours":{"timeframes":[{"days":[1,2,3,4,5,6,7],"includesToday":true,"open":[{"start":"0400","end":"+0400"}],"segments":[]}]},"popular":{"timeframes":[{"days":[2],"includesToday":true,"open":[{"start":"0800","end":"1200"},{"start":"1500","end":"1600"},{"start":"1800","end":"1900"}],"segments":[]},{"days":[3],"open":[{"start":"0800","end":"1300"},{"start":"1800","end":"1900"}],"segments":[]},{"days":[4],"open":[{"start":"0800","end":"1100"},{"start":"1400","end":"1900"}],"segments":[]},{"days":[5],"open":[{"start":"0700","end":"1100"},{"start":"1300","end":"1900"}],"segments":[]},{"days":[6],"open":[{"start":"0800","end":"1600"},{"start":"1800","end":"1900"}],"segments":[]},{"days":[7],"open":[{"start":"0900","end":"1400"},{"start":"1800","end":"1900"}],"segments":[]},{"days":[1],"open":[{"start":"0800","end":"1400"},{"start":"1600","end":"1900"}],"segments":[]}]}}}