{"meta":{"code":200,"requestId":"5875625c1ed219670eebd62c"},"response":{"hours":{},"popular":{"timeframes":[{"days":[2],"includesToday":true,"open":[{"start":"2000","end":"+0000"}],"segments":[]},{"days":[3],"open":[{"start":"2000","end":"2100"},{"start":"2300","end":"+0000"}],"segments":[]},{"days":[4],"open":[{"start":"1400","end":"1500"},{"start":"2100","end":"+0100"}],"segments":[]},{"days":[5],"open":[{"start":"2000","end":"+0300"}],"segments":[]},{"days":[6],"open":[{"start":"1700","end":"+0400"}],"segments":[]},{"days":[7],"open":[{"start":"1500","end":"+0000"}],"segments":[]},{"days":[1],"open":[{"start":"1800","end":"2300"}],"segments":[]}]}}}