{"meta":{"code":200,"requestId":"5875654a4c1f6765ecc36574"},"response":{"hours":{"timeframes":[{"days":[1,2,3,4,5,6,7],"includesToday":true,"open":[{"start":"0700","end":"+0100"}],"segments":[]}]},"popular":{"timeframes":[{"days":[2],"includesToday":true,"open":[{"start":"1200","end":"1900"},{"start":"2100","end":"2300"}],"segments":[]},{"days":[3],"open":[{"start":"1200","end":"1900"},{"start":"2200","end":"+0100"}],"segments":[]},{"days":[4],"open":[{"start":"1200","end":"2200"}],"segments":[]},{"days":[5],"open":[{"start":"1200","end":"+0000"}],"segments":[]},{"days":[6],"open":[{"start":"1200","end":"2100"},{"start":"2300","end":"+0100"}],"segments":[]},{"days":[7],"open":[{"start":"1200","end":"2300"}],"segments":[]},{"days":[1],"open":[{"start":"1100","end":"+0100"}],"segments":[]}]}}}