{"meta":{"code":200,"requestId":"58756aaadd5797289e2d6d17"},"response":{"hours":{},"popular":{"timeframes":[{"days":[2],"includesToday":true,"open":[{"start":"0600","end":"1400"}],"segments":[]},{"days":[3],"open":[{"start":"0700","end":"1600"}],"segments":[]},{"days":[4],"open":[{"start":"0800","end":"1500"}],"segments":[]},{"days":[5],"open":[{"start":"0600","end":"1500"}],"segments":[]},{"days":[6],"open":[{"start":"0800","end":"1600"}],"segments":[]},{"days":[7],"open":[{"start":"0900","end":"1500"}],"segments":[]},{"days":[1],"open":[{"start":"0600","end":"1000"},{"start":"1200","end":"1400"}],"segments":[]}]}}}