{"meta":{"code":200,"requestId":"5875694ef594df2a2b1ee2a8"},"response":{"hours":{},"popular":{"timeframes":[{"days":[2],"includesToday":true,"open":[{"start":"0700","end":"0800"},{"start":"1200","end":"2200"}],"segments":[]},{"days":[3],"open":[{"start":"0600","end":"0700"},{"start":"1000","end":"1300"},{"start":"1500","end":"1600"},{"start":"1800","end":"2100"},{"start":"2300","end":"+0000"}],"segments":[]},{"days":[4],"open":[{"start":"0700","end":"2000"}],"segments":[]},{"days":[5],"open":[{"start":"0700","end":"0800"},{"start":"1100","end":"2200"}],"segments":[]},{"days":[6],"open":[{"start":"1200","end":"2100"}],"segments":[]},{"days":[7],"open":[{"start":"1200","end":"1600"}],"segments":[]},{"days":[1],"open":[{"start":"1200","end":"1300"},{"start":"1500","end":"2100"}],"segments":[]}]}}}