{"meta":{"code":200,"requestId":"587568c34434b95eb40cbc9b"},"response":{"hours":{"timeframes":[{"days":[1,2,3,4,5,6],"includesToday":true,"open":[{"start":"0600","end":"+0000"}],"segments":[]},{"days":[7],"open":[{"start":"0700","end":"+0000"}],"segments":[]}]},"popular":{"timeframes":[{"days":[2],"includesToday":true,"open":[{"start":"1200","end":"1500"},{"start":"1900","end":"2200"}],"segments":[]},{"days":[3],"open":[{"start":"0700","end":"0800"},{"start":"1000","end":"2300"}],"segments":[]},{"days":[4],"open":[{"start":"1200","end":"1300"},{"start":"1500","end":"1600"},{"start":"1900","end":"2300"}],"segments":[]},{"days":[5],"open":[{"start":"0800","end":"1300"},{"start":"1500","end":"+0000"}],"segments":[]},{"days":[6],"open":[{"start":"1100","end":"1800"}],"segments":[]},{"days":[7],"open":[{"start":"1000","end":"2200"}],"segments":[]},{"days":[1],"open":[{"start":"1100","end":"1500"},{"start":"1700","end":"1800"},{"start":"2000","end":"2300"}],"segments":[]}]}}}