{"meta":{"code":200,"requestId":"587565c7351e3d65606e3ae1"},"response":{"hours":{},"popular":{"timeframes":[{"days":[2],"includesToday":true,"open":[{"start":"0800","end":"0900"},{"start":"1200","end":"2000"}],"segments":[]},{"days":[3],"open":[{"start":"0800","end":"1900"},{"start":"2100","end":"2200"}],"segments":[]},{"days":[4],"open":[{"start":"0800","end":"1900"}],"segments":[]},{"days":[5],"open":[{"start":"0800","end":"0900"},{"start":"1200","end":"2200"}],"segments":[]},{"days":[6],"open":[{"start":"0800","end":"1800"}],"segments":[]},{"days":[7],"open":[{"start":"1000","end":"1500"},{"start":"1700","end":"1900"},{"start":"2200","end":"2300"}],"segments":[]},{"days":[1],"open":[{"start":"0800","end":"0900"},{"start":"1100","end":"2000"}],"segments":[]}]}}}