{"meta":{"code":200,"requestId":"587569da4c1f67662214436a"},"response":{"hours":{},"popular":{"timeframes":[{"days":[2],"includesToday":true,"open":[{"start":"0500","end":"1100"},{"start":"1800","end":"2000"}],"segments":[]},{"days":[3],"open":[{"start":"0100","end":"+0200"}],"segments":[]},{"days":[4],"open":[{"start":"0500","end":"1100"},{"start":"1800","end":"2000"}],"segments":[]},{"days":[5],"open":[{"start":"0600","end":"0900"},{"start":"1600","end":"2000"}],"segments":[]},{"days":[6],"open":[{"start":"0800","end":"0900"},{"start":"1800","end":"2000"}],"segments":[]},{"days":[7],"open":[{"start":"0000","end":"+0100"}],"segments":[]},{"days":[1],"open":[{"start":"0600","end":"0900"},{"start":"1800","end":"2000"}],"segments":[]}]}}}