{"meta":{"code":200,"requestId":"587560adf594df2a113585e8"},"response":{"hours":{"timeframes":[{"days":[1,2,3,4,5,6,7],"includesToday":true,"open":[{"start":"0000","end":"+0000"}],"segments":[]}]},"popular":{"timeframes":[{"days":[2],"includesToday":true,"open":[{"start":"1300","end":"1400"},{"start":"2000","end":"2300"}],"segments":[]},{"days":[3],"open":[{"start":"1200","end":"1400"},{"start":"2100","end":"+0000"}],"segments":[]},{"days":[4],"open":[{"start":"1100","end":"1400"},{"start":"2000","end":"+0200"}],"segments":[]},{"days":[5],"open":[{"start":"1000","end":"1100"},{"start":"1300","end":"1400"},{"start":"1800","end":"+0400"}],"segments":[]},{"days":[6],"open":[{"start":"1000","end":"1500"},{"start":"1700","end":"+0400"}],"segments":[]},{"days":[7],"open":[{"start":"0900","end":"1900"},{"start":"2200","end":"2300"}],"segments":[]},{"days":[1],"open":[{"start":"1800","end":"+0000"}],"segments":[]}]}}}