{"meta":{"code":200,"requestId":"587562e71ed21967110887ed"},"response":{"hours":{},"popular":{"timeframes":[{"days":[2],"includesToday":true,"open":[{"start":"0600","end":"1000"},{"start":"1200","end":"1800"}],"segments":[]},{"days":[3],"open":[{"start":"0600","end":"1500"}],"segments":[]},{"days":[4],"open":[{"start":"0500","end":"1400"},{"start":"1700","end":"1800"}],"segments":[]},{"days":[5],"open":[{"start":"0600","end":"0900"},{"start":"1100","end":"1500"}],"segments":[]},{"days":[6],"open":[{"start":"0700","end":"1200"}],"segments":[]},{"days":[7],"open":[{"start":"0600","end":"1200"},{"start":"1500","end":"1600"}],"segments":[]},{"days":[1],"open":[{"start":"0600","end":"0900"},{"start":"1200","end":"1300"}],"segments":[]}]}}}