{"meta":{"code":200,"requestId":"587563bf4c1f6765ed5ae8fb"},"response":{"hours":{"timeframes":[{"days":[3,4,5,6],"open":[{"start":"1130","end":"2200"}],"segments":[]},{"days":[7],"open":[{"start":"1130","end":"2100"}],"segments":[]}]},"popular":{"timeframes":[{"days":[2],"includesToday":true,"open":[{"start":"1500","end":"1600"}],"segments":[]},{"days":[3],"open":[{"start":"1800","end":"1900"}],"segments":[]},{"days":[4],"open":[{"start":"1800","end":"2000"}],"segments":[]},{"days":[5],"open":[{"start":"1500","end":"+0000"}],"segments":[]},{"days":[6],"open":[{"start":"1200","end":"+0100"}],"segments":[]},{"days":[7],"open":[{"start":"1200","end":"2100"}],"segments":[]},{"days":[1],"open":[{"start":"1600","end":"1800"}],"segments":[]}]}}}