{"meta":{"code":200,"requestId":"587569211ed219670e0c9dea"},"response":{"hours":{},"popular":{"timeframes":[{"days":[2],"includesToday":true,"open":[{"start":"1400","end":"2100"}],"segments":[]},{"days":[3],"open":[{"start":"1100","end":"1200"},{"start":"1500","end":"+0000"}],"segments":[]},{"days":[4],"open":[{"start":"0500","end":"0800"},{"start":"1000","end":"1100"},{"start":"1300","end":"2300"}],"segments":[]},{"days":[5],"open":[{"start":"1100","end":"1300"},{"start":"1500","end":"+0000"}],"segments":[]},{"days":[6],"open":[{"start":"0700","end":"0800"},{"start":"1200","end":"1300"},{"start":"1500","end":"2300"}],"segments":[]},{"days":[7],"open":[{"start":"0700","end":"0800"},{"start":"1100","end":"1400"},{"start":"1600","end":"+0000"}],"segments":[]},{"days":[1],"open":[{"start":"1100","end":"2200"}],"segments":[]}]}}}