{"meta":{"code":200,"requestId":"587568d4dd579728be7d7ec6"},"response":{"hours":{},"popular":{"timeframes":[{"days":[2],"includesToday":true,"open":[{"start":"1100","end":"1600"},{"start":"1800","end":"2000"}],"segments":[]},{"days":[3],"open":[{"start":"1100","end":"1600"},{"start":"1800","end":"2100"}],"segments":[]},{"days":[4],"open":[{"start":"1100","end":"1300"},{"start":"1500","end":"1600"},{"start":"1900","end":"2000"}],"segments":[]},{"days":[5,6],"open":[{"start":"1100","end":"2100"}],"segments":[]},{"days":[7],"open":[{"start":"1100","end":"1800"},{"start":"2000","end":"2100"}],"segments":[]},{"days":[1],"open":[{"start":"1100","end":"1600"},{"start":"1900","end":"2000"}],"segments":[]}]}}}