{"meta":{"code":200,"requestId":"58756aecdb04f5158dd2dd2e"},"response":{"hours":{"timeframes":[{"days":[2,3,4],"includesToday":true,"open":[{"start":"1600","end":"+0000"}],"segments":[]},{"days":[5],"open":[{"start":"1600","end":"+0100"}],"segments":[]},{"days":[6],"open":[{"start":"1400","end":"+0100"}],"segments":[]},{"days":[7],"open":[{"start":"1100","end":"2300"}],"segments":[]}]},"popular":{"timeframes":[{"days":[2],"includesToday":true,"open":[{"start":"1700","end":"2300"}],"segments":[]},{"days":[3,4],"open":[{"start":"1800","end":"2300"}],"segments":[]},{"days":[5],"open":[{"start":"1600","end":"+0000"}],"segments":[]},{"days":[6],"open":[{"start":"1400","end":"+0000"}],"segments":[]},{"days":[7],"open":[{"start":"1100","end":"2200"}],"segments":[]},{"days":[1],"open":[],"segments":[]}]}}}