{"meta":{"code":200,"requestId":"58756abf351e3d656085d54f"},"response":{"hours":{"timeframes":[{"days":[1,2,3,4,5,6],"includesToday":true,"open":[{"start":"0600","end":"+0000"}],"segments":[]},{"days":[7],"open":[{"start":"0700","end":"+0000"}],"segments":[]}]},"popular":{"timeframes":[{"days":[2],"includesToday":true,"open":[{"start":"0900","end":"+0000"}],"segments":[]},{"days":[3],"open":[{"start":"1200","end":"1400"},{"start":"1700","end":"2300"}],"segments":[]},{"days":[4],"open":[{"start":"1300","end":"1800"},{"start":"2000","end":"2300"}],"segments":[]},{"days":[5],"open":[{"start":"1200","end":"2300"}],"segments":[]},{"days":[6],"open":[{"start":"1000","end":"1100"},{"start":"1300","end":"1900"},{"start":"2200","end":"+0000"}],"segments":[]},{"days":[7],"open":[{"start":"0400","end":"0500"},{"start":"1000","end":"2000"}],"segments":[]},{"days":[1],"open":[{"start":"1100","end":"1200"},{"start":"1400","end":"1700"},{"start":"1900","end":"2000"},{"start":"2200","end":"2300"}],"segments":[]}]}}}