{"meta":{"code":200,"requestId":"5875612cf594df2a11382071"},"response":{"hours":{},"popular":{"timeframes":[{"days":[2],"includesToday":true,"open":[{"start":"1200","end":"1300"},{"start":"1600","end":"2300"}],"segments":[]},{"days":[3],"open":[{"start":"0800","end":"0900"},{"start":"1300","end":"2300"}],"segments":[]},{"days":[4],"open":[{"start":"1400","end":"2100"}],"segments":[]},{"days":[5],"open":[{"start":"1200","end":"1500"},{"start":"1700","end":"2100"}],"segments":[]},{"days":[6],"open":[{"start":"1200","end":"2100"}],"segments":[]},{"days":[7],"open":[{"start":"1300","end":"2300"}],"segments":[]},{"days":[1],"open":[{"start":"1300","end":"2300"}],"segments":[]}]}}}